{
  "INDUSTRIAL NORDESTE LTDA": {
    "2023-01": {
      "metadata": {
        "razao_social": "INDUSTRIAL NORDESTE LTDA",
        "periodo": "01/01/2023 - 30/01/2023",
        "emissao": "30/01/2023 15:37:46"
      },
      "ativo": 
        {
          "conta": "01",
          "descricao": "ATIVO",
          "children": [
            {
              "conta": "01.1",
              "descricao": "ATIVO CIRCULANTE",
              "children": [
                {
                  "conta": "01.1.1.01.001",
                  "descricao": "Caixa",
                  "saldo_anterior": 284554.3309635808,
                  "debito": 142277.1654817904,
                  "credito": 56910.86619271616,
                  "saldo_atual": 369920.630252655,
                  "codigo": "1.1.01.01.00001"
                },
                {
                  "conta": "01.1.2.01.001",
                  "descricao": "Clientes",
                  "saldo_anterior": 569108.6619271616,
                  "debito": 284554.3309635808,
                  "credito": 142277.1654817904,
                  "saldo_atual": 711385.8274089519,
                  "codigo": "1.1.02.01.00001"
                },
                {
                  "conta": "01.1.3.01.001",
                  "descricao": "Estoques",
                  "saldo_anterior": 426831.4964453711,
                  "debito": 142277.1654817904,
                  "credito": 85366.29928907423,
                  "saldo_atual": 483742.36263808736,
                  "codigo": "1.1.03.01.00001"
                }
              ]
            }
          ]
        },
          "passivo": {
            "conta": "02",
            "descricao": "PASSIVO",
            "children": [
              {
                "conta": "02.1",
                "descricao": "PASSIVO CIRCULANTE",
                "children": [
                  {
                    "conta": "02.1.1.01.001",
                    "descricao": "Fornecedores",
                    "saldo_anterior": 500139.070929976,
                    "debito": 125034.767732494,
                    "credito": 75020.8606394964,
                    "saldo_atual": 550152.9780229736
                  },
                  {
                    "conta": "02.1.2.01.001",
                    "descricao": "Salários a pagar",
                    "saldo_anterior": 250069.535464988,
                    "debito": 50013.9070929976,
                    "credito": 25006.9535464988,
                    "saldo_atual": 275076.4890114868
                  }
                ]
              },
              {
                "conta": "02.3",
                "descricao": "PATRIMÔNIO LÍQUIDO",
                "children": [
                  {
                    "conta": "02.3.1.01.001",
                    "descricao": "Capital Social",
                    "saldo_anterior": 853662.9928907423,
                    "debito": 0.0,
                    "credito": 0.0,
                    "saldo_atual": 853662.9928907423
                  },
                  {
                    "conta": "02.3.2.01.001",
                    "descricao": "Lucros Acumulados",
                    "saldo_anterior": 275878.36398874223,
                    "debito": 0.0,
                    "credito": 0.0,
                    "saldo_atual": 344847.9549859278
                  }
                ]
              }
            ]
          },
          "receitas": {
            "conta": "03",
            "descricao": "RECEITAS",
            "children": [
              {
                "conta": "03.1.1.01.001",
                "descricao": "Receita Operacional Líquida",
                "saldo_anterior": 1416405.7444846933,
                "debito": 0.0,
                "credito": 157378.41605385483,
                "saldo_atual": 1573784.1605385481
              }
            ]
          },
          "custos_despesas": {
            "conta": "04",
            "descricao": "CUSTOS E DESPESAS",
            "children": [
              {
                "conta": "04.1.1.01.001",
                "descricao": "Custo de Produção / Mercadorias",
                "saldo_anterior": 1106042.5849973583,
                "debito": 0.0,
                "credito": 122893.62055526204,
                "saldo_atual": 1228936.2055526203
              },
              {
                "conta": "04.2.1.01.002",
                "descricao": "Despesas Operacionais",
                "saldo_anterior": 122893.62055526204,
                "debito": 0.0,
                "credito": 61446.81027763102,
                "saldo_atual": 184340.43083289303
              }
            ]
          }
        
      },
    "2023-02": {
      "metadata": {
        "razao_social": "INDUSTRIAL NORDESTE LTDA",
        "periodo": "01/02/2023 - 28/02/2023",
        "emissao": "28/02/2023 15:37:46"
      },
      "balancete": [
        {
          "conta": "01",
          "descricao": "ATIVO",
          "children": [
            {
              "conta": "01.1",
              "descricao": "ATIVO CIRCULANTE",
              "children": [
                {
                  "conta": "01.1.1.01.001",
                  "descricao": "Caixa",
                  "saldo_anterior": 182804.45266896163,
                  "debito": 91402.22633448082,
                  "credito": 36560.89053379233,
                  "saldo_atual": 237645.7884696501,
                  "codigo": "1.1.01.01.00001"
                },
                {
                  "conta": "01.1.2.01.001",
                  "descricao": "Clientes",
                  "saldo_anterior": 365608.90533792326,
                  "debito": 182804.45266896163,
                  "credito": 91402.22633448082,
                  "saldo_atual": 457011.13167240407,
                  "codigo": "1.1.02.01.00001"
                },
                {
                  "conta": "01.1.3.01.001",
                  "descricao": "Estoques",
                  "saldo_anterior": 274206.6790034424,
                  "debito": 91402.22633448082,
                  "credito": 54841.33580068849,
                  "saldo_atual": 310767.5695372348,
                  "codigo": "1.1.03.01.00001"
                }
              ]
            }
          ]
        }
      ],
      "passivo": {
        "conta": "02",
        "descricao": "PASSIVO",
        "children": [
          {
            "conta": "02.1",
            "descricao": "PASSIVO CIRCULANTE",
            "children": [
              {
                "conta": "02.1.1.01.001",
                "descricao": "Fornecedores",
                "saldo_anterior": 303191.9078632997,
                "debito": 75797.97696582493,
                "credito": 45478.78617949495,
                "saldo_atual": 333511.0986496297
              },
              {
                "conta": "02.1.2.01.001",
                "descricao": "Salários a pagar",
                "saldo_anterior": 151595.95393164986,
                "debito": 30319.19078632997,
                "credito": 15159.595393164986,
                "saldo_atual": 166755.54932481484
              }
            ]
          },
          {
            "conta": "02.3",
            "descricao": "PATRIMÔNIO LÍQUIDO",
            "children": [
              {
                "conta": "02.3.1.01.001",
                "descricao": "Capital Social",
                "saldo_anterior": 548413.3580068848,
                "debito": 0.0,
                "credito": 0.0,
                "saldo_atual": 548413.3580068848
              },
              {
                "conta": "02.3.2.01.001",
                "descricao": "Lucros Acumulados",
                "saldo_anterior": 249667.98989849427,
                "debito": 0.0,
                "credito": 0.0,
                "saldo_atual": 312084.9873731178
              }
            ]
          }
        ]
      },
      "receitas": {
        "conta": "03",
        "descricao": "RECEITAS",
        "children": [
          {
            "conta": "03.1.1.01.001",
            "descricao": "Receita Operacional Líquida",
            "saldo_anterior": 1001731.9806990026,
            "debito": 0.0,
            "credito": 111303.55341100029,
            "saldo_atual": 1113035.534110003
          }
        ]
      },
      "custos_despesas": {
        "conta": "04",
        "descricao": "CUSTOS E DESPESAS",
        "children": [
          {
            "conta": "04.1.1.01.001",
            "descricao": "Custo de Produção / Mercadorias",
            "saldo_anterior": 720855.4920631966,
            "debito": 0.0,
            "credito": 80095.05467368852,
            "saldo_atual": 800950.5467368851
          },
          {
            "conta": "04.2.1.01.002",
            "descricao": "Despesas Operacionais",
            "saldo_anterior": 80095.05467368852,
            "debito": 0.0,
            "credito": 40047.52733684426,
            "saldo_atual": 120142.58201053276
          }
        ]
      }
    },
    "2023-03": {
      "metadata": {
        "razao_social": "INDUSTRIAL NORDESTE LTDA",
        "periodo": "01/03/2023 - 30/03/2023",
        "emissao": "30/03/2023 15:37:46"
      },
      "balancete": [
        {
          "conta": "01",
          "descricao": "ATIVO",
          "children": [
            {
              "conta": "01.1",
              "descricao": "ATIVO CIRCULANTE",
              "children": [
                {
                  "conta": "01.1.1.01.001",
                  "descricao": "Caixa",
                  "saldo_anterior": 299001.23834075127,
                  "debito": 149500.61917037563,
                  "credito": 59800.24766815025,
                  "saldo_atual": 388701.6098429767,
                  "codigo": "1.1.01.01.00001"
                },
                {
                  "conta": "01.1.2.01.001",
                  "descricao": "Clientes",
                  "saldo_anterior": 598002.4766815025,
                  "debito": 299001.23834075127,
                  "credito": 149500.61917037563,
                  "saldo_atual": 747503.0958518782,
                  "codigo": "1.1.02.01.00001"
                },
                {
                  "conta": "01.1.3.01.001",
                  "descricao": "Estoques",
                  "saldo_anterior": 448501.8575111269,
                  "debito": 149500.61917037563,
                  "credito": 89700.37150222537,
                  "saldo_atual": 508302.1051792772,
                  "codigo": "1.1.03.01.00001"
                }
              ]
            }
          ]
        }
      ],
      "passivo": {
        "conta": "02",
        "descricao": "PASSIVO",
        "children": [
          {
            "conta": "02.1",
            "descricao": "PASSIVO CIRCULANTE",
            "children": [
              {
                "conta": "02.1.1.01.001",
                "descricao": "Fornecedores",
                "saldo_anterior": 489665.96050956374,
                "debito": 122416.49012739093,
                "credito": 73449.89407643455,
                "saldo_atual": 538632.5565605201
              },
              {
                "conta": "02.1.2.01.001",
                "descricao": "Salários a pagar",
                "saldo_anterior": 244832.98025478187,
                "debito": 48966.596050956374,
                "credito": 24483.298025478187,
                "saldo_atual": 269316.27828026004
              }
            ]
          },
          {
            "conta": "02.3",
            "descricao": "PATRIMÔNIO LÍQUIDO",
            "children": [
              {
                "conta": "02.3.1.01.001",
                "descricao": "Capital Social",
                "saldo_anterior": 897003.7150222538,
                "debito": 0.0,
                "credito": 0.0,
                "saldo_atual": 897003.7150222538
              },
              {
                "conta": "02.3.2.01.001",
                "descricao": "Lucros Acumulados",
                "saldo_anterior": 433346.06468775537,
                "debito": 0.0,
                "credito": 0.0,
                "saldo_atual": 541682.5808596942
              }
            ]
          }
        ]
      },
      "receitas": {
        "conta": "03",
        "descricao": "RECEITAS",
        "children": [
          {
            "conta": "03.1.1.01.001",
            "descricao": "Receita Operacional Líquida",
            "saldo_anterior": 1712909.652749167,
            "debito": 0.0,
            "credito": 190323.29474990745,
            "saldo_atual": 1903232.9474990745
          }
        ]
      },
      "custos_despesas": {
        "conta": "04",
        "descricao": "CUSTOS E DESPESAS",
        "children": [
          {
            "conta": "04.1.1.01.001",
            "descricao": "Custo de Produção / Mercadorias",
            "saldo_anterior": 1225395.3299754423,
            "debito": 0.0,
            "credito": 136155.03666393805,
            "saldo_atual": 1361550.3666393803
          },
          {
            "conta": "04.2.1.01.002",
            "descricao": "Despesas Operacionais",
            "saldo_anterior": 136155.03666393805,
            "debito": 0.0,
            "credito": 68077.51833196903,
            "saldo_atual": 204232.55499590703
          }
        ]
      }
    },
    "2023-04": {
      "metadata": {
        "razao_social": "INDUSTRIAL NORDESTE LTDA",
        "periodo": "01/04/2023 - 30/04/2023",
        "emissao": "30/04/2023 15:37:46"
      },
      "balancete": [
        {
          "conta": "01",
          "descricao": "ATIVO",
          "children": [
            {
              "conta": "01.1",
              "descricao": "ATIVO CIRCULANTE",
              "children": [
                {
                  "conta": "01.1.1.01.001",
                  "descricao": "Caixa",
                  "saldo_anterior": 248468.81841392667,
                  "debito": 124234.40920696333,
                  "credito": 49693.763682785335,
                  "saldo_atual": 323009.4639381047,
                  "codigo": "1.1.01.01.00001"
                },
                {
                  "conta": "01.1.2.01.001",
                  "descricao": "Clientes",
                  "saldo_anterior": 496937.63682785333,
                  "debito": 248468.81841392667,
                  "credito": 124234.40920696333,
                  "saldo_atual": 621172.0460348167,
                  "codigo": "1.1.02.01.00001"
                },
                {
                  "conta": "01.1.3.01.001",
                  "descricao": "Estoques",
                  "saldo_anterior": 372703.22762088996,
                  "debito": 124234.40920696333,
                  "credito": 74540.64552417799,
                  "saldo_atual": 422396.99130367534,
                  "codigo": "1.1.03.01.00001"
                }
              ]
            }
          ]
        }
      ],
      "passivo": {
        "conta": "02",
        "descricao": "PASSIVO",
        "children": [
          {
            "conta": "02.1",
            "descricao": "PASSIVO CIRCULANTE",
            "children": [
              {
                "conta": "02.1.1.01.001",
                "descricao": "Fornecedores",
                "saldo_anterior": 430175.1110222057,
                "debito": 107543.77775555142,
                "credito": 64526.266653330844,
                "saldo_atual": 473192.62212442624
              },
              {
                "conta": "02.1.2.01.001",
                "descricao": "Salários a pagar",
                "saldo_anterior": 215087.55551110284,
                "debito": 43017.51110222057,
                "credito": 21508.755551110284,
                "saldo_atual": 236596.31106221312
              }
            ]
          },
          {
            "conta": "02.3",
            "descricao": "PATRIMÔNIO LÍQUIDO",
            "children": [
              {
                "conta": "02.3.1.01.001",
                "descricao": "Capital Social",
                "saldo_anterior": 745406.4552417799,
                "debito": 0.0,
                "credito": 0.0,
                "saldo_atual": 745406.4552417799
              },
              {
                "conta": "02.3.2.01.001",
                "descricao": "Lucros Acumulados",
                "saldo_anterior": 267050.1032225905,
                "debito": 0.0,
                "credito": 0.0,
                "saldo_atual": 333812.6290282381
              }
            ]
          }
        ]
      },
      "receitas": {
        "conta": "03",
        "descricao": "RECEITAS",
        "children": [
          {
            "conta": "03.1.1.01.001",
            "descricao": "Receita Operacional Líquida",
            "saldo_anterior": 1387055.5506555391,
            "debito": 0.0,
            "credito": 154117.28340617102,
            "saldo_atual": 1541172.8340617102
          }
        ]
      },
      "custos_despesas": {
        "conta": "04",
        "descricao": "CUSTOS E DESPESAS",
        "children": [
          {
            "conta": "04.1.1.01.001",
            "descricao": "Custo de Produção / Mercadorias",
            "saldo_anterior": 1086624.1845301248,
            "debito": 0.0,
            "credito": 120736.02050334722,
            "saldo_atual": 1207360.205033472
          },
          {
            "conta": "04.2.1.01.002",
            "descricao": "Despesas Operacionais",
            "saldo_anterior": 120736.02050334722,
            "debito": 0.0,
            "credito": 60368.01025167361,
            "saldo_atual": 181104.0307550208
          }
        ]
      }
    },
    "2023-05": {
      "metadata": {
        "razao_social": "INDUSTRIAL NORDESTE LTDA",
        "periodo": "01/05/2023 - 30/05/2023",
        "emissao": "30/05/2023 15:37:46"
      },
      "balancete": [
        {
          "conta": "01",
          "descricao": "ATIVO",
          "children": [
            {
              "conta": "01.1",
              "descricao": "ATIVO CIRCULANTE",
              "children": [
                {
                  "conta": "01.1.1.01.001",
                  "descricao": "Caixa",
                  "saldo_anterior": 191217.80739817832,
                  "debito": 95608.90369908916,
                  "credito": 38243.56147963566,
                  "saldo_atual": 248583.1496176318,
                  "codigo": "1.1.01.01.00001"
                },
                {
                  "conta": "01.1.2.01.001",
                  "descricao": "Clientes",
                  "saldo_anterior": 382435.61479635665,
                  "debito": 191217.80739817832,
                  "credito": 95608.90369908916,
                  "saldo_atual": 478044.5184954458,
                  "codigo": "1.1.02.01.00001"
                },
                {
                  "conta": "01.1.3.01.001",
                  "descricao": "Estoques",
                  "saldo_anterior": 286826.71109726746,
                  "debito": 95608.90369908916,
                  "credito": 57365.342219453494,
                  "saldo_atual": 325070.27257690317,
                  "codigo": "1.1.03.01.00001"
                }
              ]
            }
          ]
        }
      ],
      "passivo": {
        "conta": "02",
        "descricao": "PASSIVO",
        "children": [
          {
            "conta": "02.1",
            "descricao": "PASSIVO CIRCULANTE",
            "children": [
              {
                "conta": "02.1.1.01.001",
                "descricao": "Fornecedores",
                "saldo_anterior": 335739.0935530671,
                "debito": 83934.77338826678,
                "credito": 50360.86403296006,
                "saldo_atual": 369313.0029083738
              },
              {
                "conta": "02.1.2.01.001",
                "descricao": "Salários a pagar",
                "saldo_anterior": 167869.54677653356,
                "debito": 33573.90935530671,
                "credito": 16786.954677653353,
                "saldo_atual": 184656.5014541869
              }
            ]
          },
          {
            "conta": "02.3",
            "descricao": "PATRIMÔNIO LÍQUIDO",
            "children": [
              {
                "conta": "02.3.1.01.001",
                "descricao": "Capital Social",
                "saldo_anterior": 573653.4221945349,
                "debito": 0.0,
                "credito": 0.0,
                "saldo_atual": 573653.4221945349
              },
              {
                "conta": "02.3.2.01.001",
                "descricao": "Lucros Acumulados",
                "saldo_anterior": 186786.08497315814,
                "debito": 0.0,
                "credito": 0.0,
                "saldo_atual": 233482.60621644766
              }
            ]
          }
        ]
      },
      "receitas": {
        "conta": "03",
        "descricao": "RECEITAS",
        "children": [
          {
            "conta": "03.1.1.01.001",
            "descricao": "Receita Operacional Líquida",
            "saldo_anterior": 917288.2421851992,
            "debito": 0.0,
            "credito": 101920.91579835548,
            "saldo_atual": 1019209.1579835546
          }
        ]
      },
      "custos_despesas": {
        "conta": "04",
        "descricao": "CUSTOS E DESPESAS",
        "children": [
          {
            "conta": "04.1.1.01.001",
            "descricao": "Custo de Produção / Mercadorias",
            "saldo_anterior": 707153.8965903963,
            "debito": 0.0,
            "credito": 78572.6551767107,
            "saldo_atual": 785726.551767107
          },
          {
            "conta": "04.2.1.01.002",
            "descricao": "Despesas Operacionais",
            "saldo_anterior": 78572.6551767107,
            "debito": 0.0,
            "credito": 39286.32758835535,
            "saldo_atual": 117858.98276506604
          }
        ]
      }
    },
    "2023-06": {
      "metadata": {
        "razao_social": "INDUSTRIAL NORDESTE LTDA",
        "periodo": "01/06/2023 - 30/06/2023",
        "emissao": "30/06/2023 15:37:46"
      },
      "balancete": [
        {
          "conta": "01",
          "descricao": "ATIVO",
          "children": [
            {
              "conta": "01.1",
              "descricao": "ATIVO CIRCULANTE",
              "children": [
                {
                  "conta": "01.1.1.01.001",
                  "descricao": "Caixa",
                  "saldo_anterior": 281700.7768929374,
                  "debito": 140850.3884464687,
                  "credito": 56340.15537858748,
                  "saldo_atual": 366211.0099608186,
                  "codigo": "1.1.01.01.00001"
                },
                {
                  "conta": "01.1.2.01.001",
                  "descricao": "Clientes",
                  "saldo_anterior": 563401.5537858749,
                  "debito": 281700.7768929374,
                  "credito": 140850.3884464687,
                  "saldo_atual": 704251.9422323435,
                  "codigo": "1.1.02.01.00001"
                },
                {
                  "conta": "01.1.3.01.001",
                  "descricao": "Estoques",
                  "saldo_anterior": 422551.16533940606,
                  "debito": 140850.3884464687,
                  "credito": 84510.23306788121,
                  "saldo_atual": 478891.3207179936,
                  "codigo": "1.1.03.01.00001"
                }
              ]
            }
          ]
        }
      ],
      "passivo": {
        "conta": "02",
        "descricao": "PASSIVO",
        "children": [
          {
            "conta": "02.1",
            "descricao": "PASSIVO CIRCULANTE",
            "children": [
              {
                "conta": "02.1.1.01.001",
                "descricao": "Fornecedores",
                "saldo_anterior": 467318.5373618095,
                "debito": 116829.63434045238,
                "credito": 70097.78060427142,
                "saldo_atual": 514050.39109799045
              },
              {
                "conta": "02.1.2.01.001",
                "descricao": "Salários a pagar",
                "saldo_anterior": 233659.26868090476,
                "debito": 46731.85373618095,
                "credito": 23365.926868090475,
                "saldo_atual": 257025.19554899522
              }
            ]
          },
          {
            "conta": "02.3",
            "descricao": "PATRIMÔNIO LÍQUIDO",
            "children": [
              {
                "conta": "02.3.1.01.001",
                "descricao": "Capital Social",
                "saldo_anterior": 845102.3306788121,
                "debito": 0.0,
                "credito": 0.0,
                "saldo_atual": 845102.3306788121
              },
              {
                "conta": "02.3.2.01.001",
                "descricao": "Lucros Acumulados",
                "saldo_anterior": 384332.0656962611,
                "debito": 0.0,
                "credito": 0.0,
                "saldo_atual": 480415.08212032635
              }
            ]
          }
        ]
      },
      "receitas": {
        "conta": "03",
        "descricao": "RECEITAS",
        "children": [
          {
            "conta": "03.1.1.01.001",
            "descricao": "Receita Operacional Líquida",
            "saldo_anterior": 1407486.012028488,
            "debito": 0.0,
            "credito": 156387.334669832,
            "saldo_atual": 1563873.34669832
          }
        ]
      },
      "custos_despesas": {
        "conta": "04",
        "descricao": "CUSTOS E DESPESAS",
        "children": [
          {
            "conta": "04.1.1.01.001",
            "descricao": "Custo de Produção / Mercadorias",
            "saldo_anterior": 975112.4381201944,
            "debito": 0.0,
            "credito": 108345.82645779937,
            "saldo_atual": 1083458.2645779937
          },
          {
            "conta": "04.2.1.01.002",
            "descricao": "Despesas Operacionais",
            "saldo_anterior": 108345.82645779937,
            "debito": 0.0,
            "credito": 54172.913228899684,
            "saldo_atual": 162518.73968669903
          }
        ]
      }
    },
    "2023-07": {
      "metadata": {
        "razao_social": "INDUSTRIAL NORDESTE LTDA",
        "periodo": "01/07/2023 - 30/07/2023",
        "emissao": "30/07/2023 15:37:46"
      },
      "balancete": [
        {
          "conta": "01",
          "descricao": "ATIVO",
          "children": [
            {
              "conta": "01.1",
              "descricao": "ATIVO CIRCULANTE",
              "children": [
                {
                  "conta": "01.1.1.01.001",
                  "descricao": "Caixa",
                  "saldo_anterior": 327508.0122994813,
                  "debito": 163754.00614974066,
                  "credito": 65501.602459896254,
                  "saldo_atual": 425760.4159893257,
                  "codigo": "1.1.01.01.00001"
                },
                {
                  "conta": "01.1.2.01.001",
                  "descricao": "Clientes",
                  "saldo_anterior": 655016.0245989626,
                  "debito": 327508.0122994813,
                  "credito": 163754.00614974066,
                  "saldo_atual": 818770.0307487032,
                  "codigo": "1.1.02.01.00001"
                },
                {
                  "conta": "01.1.3.01.001",
                  "descricao": "Estoques",
                  "saldo_anterior": 491262.01844922185,
                  "debito": 163754.00614974066,
                  "credito": 98252.40368984437,
                  "saldo_atual": 556763.6209091182,
                  "codigo": "1.1.03.01.00001"
                }
              ]
            }
          ]
        }
      ],
      "passivo": {
        "conta": "02",
        "descricao": "PASSIVO",
        "children": [
          {
            "conta": "02.1",
            "descricao": "PASSIVO CIRCULANTE",
            "children": [
              {
                "conta": "02.1.1.01.001",
                "descricao": "Fornecedores",
                "saldo_anterior": 580533.6220990552,
                "debito": 145133.4055247638,
                "credito": 87080.04331485827,
                "saldo_atual": 638586.9843089607
              },
              {
                "conta": "02.1.2.01.001",
                "descricao": "Salários a pagar",
                "saldo_anterior": 290266.8110495276,
                "debito": 58053.36220990552,
                "credito": 29026.68110495276,
                "saldo_atual": 319293.49215448037
              }
            ]
          },
          {
            "conta": "02.3",
            "descricao": "PATRIMÔNIO LÍQUIDO",
            "children": [
              {
                "conta": "02.3.1.01.001",
                "descricao": "Capital Social",
                "saldo_anterior": 982524.0368984437,
                "debito": 0.0,
                "credito": 0.0,
                "saldo_atual": 982524.0368984437
              },
              {
                "conta": "02.3.2.01.001",
                "descricao": "Lucros Acumulados",
                "saldo_anterior": 297929.6099996293,
                "debito": 0.0,
                "credito": 0.0,
                "saldo_atual": 372412.0124995366
              }
            ]
          }
        ]
      },
      "receitas": {
        "conta": "03",
        "descricao": "RECEITAS",
        "children": [
          {
            "conta": "03.1.1.01.001",
            "descricao": "Receita Operacional Líquida",
            "saldo_anterior": 1522720.7714828702,
            "debito": 0.0,
            "credito": 169191.19683143005,
            "saldo_atual": 1691911.9683143003
          }
        ]
      },
      "custos_despesas": {
        "conta": "04",
        "descricao": "CUSTOS E DESPESAS",
        "children": [
          {
            "conta": "04.1.1.01.001",
            "descricao": "Custo de Produção / Mercadorias",
            "saldo_anterior": 1187549.9602332874,
            "debito": 0.0,
            "credito": 131949.99558147637,
            "saldo_atual": 1319499.9558147637
          },
          {
            "conta": "04.2.1.01.002",
            "descricao": "Despesas Operacionais",
            "saldo_anterior": 131949.99558147637,
            "debito": 0.0,
            "credito": 65974.99779073818,
            "saldo_atual": 197924.99337221455
          }
        ]
      }
    },
    "2023-08": {
      "metadata": {
        "razao_social": "INDUSTRIAL NORDESTE LTDA",
        "periodo": "01/08/2023 - 30/08/2023",
        "emissao": "30/08/2023 15:37:46"
      },
      "balancete": [
        {
          "conta": "01",
          "descricao": "ATIVO",
          "children": [
            {
              "conta": "01.1",
              "descricao": "ATIVO CIRCULANTE",
              "children": [
                {
                  "conta": "01.1.1.01.001",
                  "descricao": "Caixa",
                  "saldo_anterior": 177857.9129871733,
                  "debito": 88928.95649358665,
                  "credito": 35571.58259743466,
                  "saldo_atual": 231215.2868833253,
                  "codigo": "1.1.01.01.00001"
                },
                {
                  "conta": "01.1.2.01.001",
                  "descricao": "Clientes",
                  "saldo_anterior": 355715.8259743466,
                  "debito": 177857.9129871733,
                  "credito": 88928.95649358665,
                  "saldo_atual": 444644.78246793326,
                  "codigo": "1.1.02.01.00001"
                },
                {
                  "conta": "01.1.3.01.001",
                  "descricao": "Estoques",
                  "saldo_anterior": 266786.86948075995,
                  "debito": 88928.95649358665,
                  "credito": 53357.37389615199,
                  "saldo_atual": 302358.45207819465,
                  "codigo": "1.1.03.01.00001"
                }
              ]
            }
          ]
        }
      ],
      "passivo": {
        "conta": "02",
        "descricao": "PASSIVO",
        "children": [
          {
            "conta": "02.1",
            "descricao": "PASSIVO CIRCULANTE",
            "children": [
              {
                "conta": "02.1.1.01.001",
                "descricao": "Fornecedores",
                "saldo_anterior": 289138.4703367302,
                "debito": 72284.61758418255,
                "credito": 43370.77055050952,
                "saldo_atual": 318052.3173704032
              },
              {
                "conta": "02.1.2.01.001",
                "descricao": "Salários a pagar",
                "saldo_anterior": 144569.2351683651,
                "debito": 28913.847033673017,
                "credito": 14456.923516836508,
                "saldo_atual": 159026.1586852016
              }
            ]
          },
          {
            "conta": "02.3",
            "descricao": "PATRIMÔNIO LÍQUIDO",
            "children": [
              {
                "conta": "02.3.1.01.001",
                "descricao": "Capital Social",
                "saldo_anterior": 533573.7389615199,
                "debito": 0.0,
                "credito": 0.0,
                "saldo_atual": 533573.7389615199
              },
              {
                "conta": "02.3.2.01.001",
                "descricao": "Lucros Acumulados",
                "saldo_anterior": 266309.42255046574,
                "debito": 0.0,
                "credito": 0.0,
                "saldo_atual": 332886.77818808216
              }
            ]
          }
        ]
      },
      "receitas": {
        "conta": "03",
        "descricao": "RECEITAS",
        "children": [
          {
            "conta": "03.1.1.01.001",
            "descricao": "Receita Operacional Líquida",
            "saldo_anterior": 1027290.395159748,
            "debito": 0.0,
            "credito": 114143.377239972,
            "saldo_atual": 1141433.77239972
          }
        ]
      },
      "custos_despesas": {
        "conta": "04",
        "descricao": "CUSTOS E DESPESAS",
        "children": [
          {
            "conta": "04.1.1.01.001",
            "descricao": "Custo de Produção / Mercadorias",
            "saldo_anterior": 727692.2947904741,
            "debito": 0.0,
            "credito": 80854.6994211638,
            "saldo_atual": 808546.9942116379
          },
          {
            "conta": "04.2.1.01.002",
            "descricao": "Despesas Operacionais",
            "saldo_anterior": 80854.6994211638,
            "debito": 0.0,
            "credito": 40427.3497105819,
            "saldo_atual": 121282.04913174568
          }
        ]
      }
    },
    "2023-09": {
      "metadata": {
        "razao_social": "INDUSTRIAL NORDESTE LTDA",
        "periodo": "01/09/2023 - 30/09/2023",
        "emissao": "30/09/2023 15:37:46"
      },
      "balancete": [
        {
          "conta": "01",
          "descricao": "ATIVO",
          "children": [
            {
              "conta": "01.1",
              "descricao": "ATIVO CIRCULANTE",
              "children": [
                {
                  "conta": "01.1.1.01.001",
                  "descricao": "Caixa",
                  "saldo_anterior": 190371.07888011393,
                  "debito": 95185.53944005696,
                  "credito": 38074.215776022786,
                  "saldo_atual": 247482.40254414812,
                  "codigo": "1.1.01.01.00001"
                },
                {
                  "conta": "01.1.2.01.001",
                  "descricao": "Clientes",
                  "saldo_anterior": 380742.15776022786,
                  "debito": 190371.07888011393,
                  "credito": 95185.53944005696,
                  "saldo_atual": 475927.6972002848,
                  "codigo": "1.1.02.01.00001"
                },
                {
                  "conta": "01.1.3.01.001",
                  "descricao": "Estoques",
                  "saldo_anterior": 285556.61832017085,
                  "debito": 95185.53944005696,
                  "credito": 57111.32366403417,
                  "saldo_atual": 323630.83409619366,
                  "codigo": "1.1.03.01.00001"
                }
              ]
            }
          ]
        }
      ],
      "passivo": {
        "conta": "02",
        "descricao": "PASSIVO",
        "children": [
          {
            "conta": "02.1",
            "descricao": "PASSIVO CIRCULANTE",
            "children": [
              {
                "conta": "02.1.1.01.001",
                "descricao": "Fornecedores",
                "saldo_anterior": 306128.110539277,
                "debito": 76532.02763481926,
                "credito": 45919.216580891545,
                "saldo_atual": 336740.92159320466
              },
              {
                "conta": "02.1.2.01.001",
                "descricao": "Salários a pagar",
                "saldo_anterior": 153064.0552696385,
                "debito": 30612.8110539277,
                "credito": 15306.40552696385,
                "saldo_atual": 168370.46079660233
              }
            ]
          },
          {
            "conta": "02.3",
            "descricao": "PATRIMÔNIO LÍQUIDO",
            "children": [
              {
                "conta": "02.3.1.01.001",
                "descricao": "Capital Social",
                "saldo_anterior": 571113.2366403417,
                "debito": 0.0,
                "credito": 0.0,
                "saldo_atual": 571113.2366403417
              },
              {
                "conta": "02.3.2.01.001",
                "descricao": "Lucros Acumulados",
                "saldo_anterior": 298456.1888838035,
                "debito": 0.0,
                "credito": 0.0,
                "saldo_atual": 373070.2361047544
              }
            ]
          }
        ]
      },
      "receitas": {
        "conta": "03",
        "descricao": "RECEITAS",
        "children": [
          {
            "conta": "03.1.1.01.001",
            "descricao": "Receita Operacional Líquida",
            "saldo_anterior": 1041994.58232923,
            "debito": 0.0,
            "credito": 115777.1758143589,
            "saldo_atual": 1157771.758143589
          }
        ]
      },
      "custos_despesas": {
        "conta": "04",
        "descricao": "CUSTOS E DESPESAS",
        "children": [
          {
            "conta": "04.1.1.01.001",
            "descricao": "Custo de Produção / Mercadorias",
            "saldo_anterior": 706231.3698349511,
            "debito": 0.0,
            "credito": 78470.15220388345,
            "saldo_atual": 784701.5220388345
          },
          {
            "conta": "04.2.1.01.002",
            "descricao": "Despesas Operacionais",
            "saldo_anterior": 78470.15220388345,
            "debito": 0.0,
            "credito": 39235.076101941726,
            "saldo_atual": 117705.22830582518
          }
        ]
      }
    },
    "2023-10": {
      "metadata": {
        "razao_social": "INDUSTRIAL NORDESTE LTDA",
        "periodo": "01/10/2023 - 30/10/2023",
        "emissao": "30/10/2023 15:37:46"
      },
      "balancete": [
        {
          "conta": "01",
          "descricao": "ATIVO",
          "children": [
            {
              "conta": "01.1",
              "descricao": "ATIVO CIRCULANTE",
              "children": [
                {
                  "conta": "01.1.1.01.001",
                  "descricao": "Caixa",
                  "saldo_anterior": 201848.81623205086,
                  "debito": 100924.40811602543,
                  "credito": 40369.76324641017,
                  "saldo_atual": 262403.4611016661,
                  "codigo": "1.1.01.01.00001"
                },
                {
                  "conta": "01.1.2.01.001",
                  "descricao": "Clientes",
                  "saldo_anterior": 403697.6324641017,
                  "debito": 201848.81623205086,
                  "credito": 100924.40811602543,
                  "saldo_atual": 504622.0405801271,
                  "codigo": "1.1.02.01.00001"
                },
                {
                  "conta": "01.1.3.01.001",
                  "descricao": "Estoques",
                  "saldo_anterior": 302773.22434807627,
                  "debito": 100924.40811602543,
                  "credito": 60554.64486961525,
                  "saldo_atual": 343142.98759448645,
                  "codigo": "1.1.03.01.00001"
                }
              ]
            }
          ]
        }
      ],
      "passivo": {
        "conta": "02",
        "descricao": "PASSIVO",
        "children": [
          {
            "conta": "02.1",
            "descricao": "PASSIVO CIRCULANTE",
            "children": [
              {
                "conta": "02.1.1.01.001",
                "descricao": "Fornecedores",
                "saldo_anterior": 358420.40461891866,
                "debito": 89605.10115472967,
                "credito": 53763.06069283779,
                "saldo_atual": 394262.44508081046
              },
              {
                "conta": "02.1.2.01.001",
                "descricao": "Salários a pagar",
                "saldo_anterior": 179210.20230945933,
                "debito": 35842.04046189186,
                "credito": 17921.02023094593,
                "saldo_atual": 197131.22254040523
              }
            ]
          },
          {
            "conta": "02.3",
            "descricao": "PATRIMÔNIO LÍQUIDO",
            "children": [
              {
                "conta": "02.3.1.01.001",
                "descricao": "Capital Social",
                "saldo_anterior": 605546.4486961525,
                "debito": 0.0,
                "credito": 0.0,
                "saldo_atual": 605546.4486961525
              },
              {
                "conta": "02.3.2.01.001",
                "descricao": "Lucros Acumulados",
                "saldo_anterior": 181108.91138073234,
                "debito": 0.0,
                "credito": 0.0,
                "saldo_atual": 226386.13922591542
              }
            ]
          }
        ]
      },
      "receitas": {
        "conta": "03",
        "descricao": "RECEITAS",
        "children": [
          {
            "conta": "03.1.1.01.001",
            "descricao": "Receita Operacional Líquida",
            "saldo_anterior": 945562.052009919,
            "debito": 0.0,
            "credito": 105062.45022332434,
            "saldo_atual": 1050624.5022332433
          }
        ]
      },
      "custos_despesas": {
        "conta": "04",
        "descricao": "CUSTOS E DESPESAS",
        "children": [
          {
            "conta": "04.1.1.01.001",
            "descricao": "Custo de Produção / Mercadorias",
            "saldo_anterior": 741814.5267065951,
            "debito": 0.0,
            "credito": 82423.8363007328,
            "saldo_atual": 824238.3630073279
          },
          {
            "conta": "04.2.1.01.002",
            "descricao": "Despesas Operacionais",
            "saldo_anterior": 82423.8363007328,
            "debito": 0.0,
            "credito": 41211.9181503664,
            "saldo_atual": 123635.75445109917
          }
        ]
      }
    },
    "2023-11": {
      "metadata": {
        "razao_social": "INDUSTRIAL NORDESTE LTDA",
        "periodo": "01/11/2023 - 30/11/2023",
        "emissao": "30/11/2023 15:37:46"
      },
      "balancete": [
        {
          "conta": "01",
          "descricao": "ATIVO",
          "children": [
            {
              "conta": "01.1",
              "descricao": "ATIVO CIRCULANTE",
              "children": [
                {
                  "conta": "01.1.1.01.001",
                  "descricao": "Caixa",
                  "saldo_anterior": 190848.77134203614,
                  "debito": 95424.38567101807,
                  "credito": 38169.754268407225,
                  "saldo_atual": 248103.40274464697,
                  "codigo": "1.1.01.01.00001"
                },
                {
                  "conta": "01.1.2.01.001",
                  "descricao": "Clientes",
                  "saldo_anterior": 381697.5426840723,
                  "debito": 190848.77134203614,
                  "credito": 95424.38567101807,
                  "saldo_atual": 477121.9283550903,
                  "codigo": "1.1.02.01.00001"
                },
                {
                  "conta": "01.1.3.01.001",
                  "descricao": "Estoques",
                  "saldo_anterior": 286273.1570130542,
                  "debito": 95424.38567101807,
                  "credito": 57254.63140261084,
                  "saldo_atual": 324442.9112814614,
                  "codigo": "1.1.03.01.00001"
                }
              ]
            }
          ]
        }
      ],
      "passivo": {
        "conta": "02",
        "descricao": "PASSIVO",
        "children": [
          {
            "conta": "02.1",
            "descricao": "PASSIVO CIRCULANTE",
            "children": [
              {
                "conta": "02.1.1.01.001",
                "descricao": "Fornecedores",
                "saldo_anterior": 306968.21359463624,
                "debito": 76742.05339865906,
                "credito": 46045.232039195434,
                "saldo_atual": 337665.03495409986
              },
              {
                "conta": "02.1.2.01.001",
                "descricao": "Salários a pagar",
                "saldo_anterior": 153484.10679731812,
                "debito": 30696.82135946362,
                "credito": 15348.41067973181,
                "saldo_atual": 168832.51747704993
              }
            ]
          },
          {
            "conta": "02.3",
            "descricao": "PATRIMÔNIO LÍQUIDO",
            "children": [
              {
                "conta": "02.3.1.01.001",
                "descricao": "Capital Social",
                "saldo_anterior": 572546.3140261084,
                "debito": 0.0,
                "credito": 0.0,
                "saldo_atual": 572546.3140261084
              },
              {
                "conta": "02.3.2.01.001",
                "descricao": "Lucros Acumulados",
                "saldo_anterior": 298917.31635774404,
                "debito": 0.0,
                "credito": 0.0,
                "saldo_atual": 373646.64544718
              }
            ]
          }
        ]
      },
      "receitas": {
        "conta": "03",
        "descricao": "RECEITAS",
        "children": [
          {
            "conta": "03.1.1.01.001",
            "descricao": "Receita Operacional Líquida",
            "saldo_anterior": 941345.1014792601,
            "debito": 0.0,
            "credito": 104593.90016436223,
            "saldo_atual": 1045939.0016436223
          }
        ]
      },
      "custos_despesas": {
        "conta": "04",
        "descricao": "CUSTOS E DESPESAS",
        "children": [
          {
            "conta": "04.1.1.01.001",
            "descricao": "Custo de Produção / Mercadorias",
            "saldo_anterior": 605063.1205767981,
            "debito": 0.0,
            "credito": 67229.23561964423,
            "saldo_atual": 672292.3561964423
          },
          {
            "conta": "04.2.1.01.002",
            "descricao": "Despesas Operacionais",
            "saldo_anterior": 67229.23561964423,
            "debito": 0.0,
            "credito": 33614.61780982211,
            "saldo_atual": 100843.85342946634
          }
        ]
      }
    },
    "2023-12": {
      "metadata": {
        "razao_social": "INDUSTRIAL NORDESTE LTDA",
        "periodo": "01/12/2023 - 30/12/2023",
        "emissao": "30/12/2023 15:37:46"
      },
      "balancete": [
        {
          "conta": "01",
          "descricao": "ATIVO",
          "children": [
            {
              "conta": "01.1",
              "descricao": "ATIVO CIRCULANTE",
              "children": [
                {
                  "conta": "01.1.1.01.001",
                  "descricao": "Caixa",
                  "saldo_anterior": 261644.7961849047,
                  "debito": 130822.39809245235,
                  "credito": 52328.95923698094,
                  "saldo_atual": 340138.2350403761,
                  "codigo": "1.1.01.01.00001"
                },
                {
                  "conta": "01.1.2.01.001",
                  "descricao": "Clientes",
                  "saldo_anterior": 523289.5923698094,
                  "debito": 261644.7961849047,
                  "credito": 130822.39809245235,
                  "saldo_atual": 654111.9904622617,
                  "codigo": "1.1.02.01.00001"
                },
                {
                  "conta": "01.1.3.01.001",
                  "descricao": "Estoques",
                  "saldo_anterior": 392467.194277357,
                  "debito": 130822.39809245235,
                  "credito": 78493.43885547141,
                  "saldo_atual": 444796.153514338,
                  "codigo": "1.1.03.01.00001"
                }
              ]
            }
          ]
        }
      ],
      "passivo": {
        "conta": "02",
        "descricao": "PASSIVO",
        "children": [
          {
            "conta": "02.1",
            "descricao": "PASSIVO CIRCULANTE",
            "children": [
              {
                "conta": "02.1.1.01.001",
                "descricao": "Fornecedores",
                "saldo_anterior": 414828.0775670358,
                "debito": 103707.01939175895,
                "credito": 62224.21163505536,
                "saldo_atual": 456310.8853237393
              },
              {
                "conta": "02.1.2.01.001",
                "descricao": "Salários a pagar",
                "saldo_anterior": 207414.0387835179,
                "debito": 41482.80775670357,
                "credito": 20741.403878351786,
                "saldo_atual": 228155.44266186966
              }
            ]
          },
          {
            "conta": "02.3",
            "descricao": "PATRIMÔNIO LÍQUIDO",
            "children": [
              {
                "conta": "02.3.1.01.001",
                "descricao": "Capital Social",
                "saldo_anterior": 784934.388554714,
                "debito": 0.0,
                "credito": 0.0,
                "saldo_atual": 784934.388554714
              },
              {
                "conta": "02.3.2.01.001",
                "descricao": "Lucros Acumulados",
                "saldo_anterior": 433846.0592110945,
                "debito": 0.0,
                "credito": 0.0,
                "saldo_atual": 542307.5740138681
              }
            ]
          }
        ]
      },
      "receitas": {
        "conta": "03",
        "descricao": "RECEITAS",
        "children": [
          {
            "conta": "03.1.1.01.001",
            "descricao": "Receita Operacional Líquida",
            "saldo_anterior": 1394131.6807117616,
            "debito": 0.0,
            "credito": 154903.52007908464,
            "saldo_atual": 1549035.2007908463
          }
        ]
      },
      "custos_despesas": {
        "conta": "04",
        "descricao": "CUSTOS E DESPESAS",
        "children": [
          {
            "conta": "04.1.1.01.001",
            "descricao": "Custo de Produção / Mercadorias",
            "saldo_anterior": 906054.8640992803,
            "debito": 0.0,
            "credito": 100672.76267769781,
            "saldo_atual": 1006727.6267769781
          },
          {
            "conta": "04.2.1.01.002",
            "descricao": "Despesas Operacionais",
            "saldo_anterior": 100672.76267769781,
            "debito": 0.0,
            "credito": 50336.38133884891,
            "saldo_atual": 151009.14401654672
          }
        ]
      }
    }
  }
}