{
    "metadata": {
        "razao_social": "INDUSTRIAL NORDESTE LTDA",
        "periodo": "01/11/2023 - 30/11/2023",
        "emissao": "30/11/2023 15:37:46"
    },
    "ativo": {
        "conta": "01",
        "descricao": "ATIVO",
        "children": [
            {
                "conta": "01.1",
                "descricao": "ATIVO CIRCULANTE",
                "children": [
                    {
                        "conta": "01.1.1",
                        "descricao": "DISPONIBILIDADES",
                        "children": [
                            {
                                "conta": "01.1.1.01",
                                "descricao": "CAIXA",
                                "children": [
                                    {
                                        "conta": "01.1.1.01.001",
                                        "descricao": "Caixa",
                                        "saldo_anterior": 36632.1,
                                        "debito": 67595.99,
                                        "credito": 10551.46,
                                        "saldo_atual": 93676.63
                                    }
                                ]
                            }
                        ]
                    },
                    {
                        "conta": "01.1.2",
                        "descricao": "DIREITOS REALIZ\u00c1VEIS A CURTO PRAZO",
                        "children": [
                            {
                                "conta": "01.1.2.01",
                                "descricao": "CLIENTES NACIONAIS",
                                "children": [
                                    {
                                        "conta": "01.1.2.01.001",
                                        "descricao": "Clientes nacionais",
                                        "saldo_anterior": 43168.32,
                                        "debito": 0.0,
                                        "credito": 0.0,
                                        "saldo_atual": 43168.32
                                    }
                                ]
                            },
                            {
                                "conta": "01.1.2.08",
                                "descricao": "TRIBUTOS E CONTRIBUI\u00c7\u00d5ES A COMPENSAR",
                                "children": [
                                    {
                                        "conta": "01.1.2.08.001",
                                        "descricao": "ICMS a Recuperar",
                                        "saldo_anterior": 0.0,
                                        "debito": 1047.73,
                                        "credito": 0.0,
                                        "saldo_atual": 1047.73
                                    }
                                ]
                            },
                            {
                                "conta": "01.1.2.10",
                                "descricao": "ESTOQUES",
                                "children": [
                                    {
                                        "conta": "01.1.2.10.001",
                                        "descricao": "Estoque de Mercadoria Para Revenda",
                                        "saldo_anterior": 0.0,
                                        "debito": 11219.3,
                                        "credito": 0.0,
                                        "saldo_atual": 11219.3
                                    }
                                ]
                            },
                            {
                                "conta": "01.1.2.12",
                                "descricao": "REMESSA DE PRODUTOS/MERCADORIAS",
                                "children": [
                                    {
                                        "conta": "01.1.2.12.001",
                                        "descricao": "Remessa de Produtos/Mercadorias",
                                        "saldo_anterior": 10566.3,
                                        "debito": 0.0,
                                        "credito": 0.0,
                                        "saldo_atual": 10566.3
                                    }
                                ]
                            }
                        ]
                    }
                ]
            },
            {
                "conta": "01.2",
                "descricao": "ATIVO N\u00c3O CIRCULANTE",
                "children": [
                    {
                        "conta": "01.2.3",
                        "descricao": "IMOBILIZADO",
                        "children": [
                            {
                                "conta": "01.2.3.01",
                                "descricao": "BENS E DIREITOS EM USO",
                                "children": [
                                    {
                                        "conta": "01.2.3.01.001",
                                        "descricao": "M\u00e1quinas e Equipamentos",
                                        "saldo_anterior": 0.0,
                                        "debito": 21734.42,
                                        "credito": 0.0,
                                        "saldo_atual": 21734.42
                                    }
                                ]
                            },
                            {
                                "conta": "01.2.3.05",
                                "descricao": "(-) DEPRECIA\u00c7\u00c3O ACUMULADA",
                                "children": [
                                    {
                                        "conta": "01.2.3.05.001",
                                        "descricao": "(-) M\u00e1quinas e equipamentos",
                                        "saldo_anterior": 0.0,
                                        "debito": 0.0,
                                        "credito": 177.68,
                                        "saldo_atual": -177.68
                                    }
                                ]
                            }
                        ]
                    }
                ]
            }
        ]
    },
    "passivo": {
        "conta": "02",
        "descricao": "PASSIVO",
        "children": [
            {
                "conta": "02.1",
                "descricao": "PASSIVO CIRCULANTE",
                "children": [
                    {
                        "conta": "02.1.1",
                        "descricao": "FORNECEDORES",
                        "children": [
                            {
                                "conta": "02.1.1.01.000007895",
                                "descricao": "REZENDE CENTRO COMERCIAL AUTOMOTIVO LTDA",
                                "saldo_anterior": 2372.38,
                                "debito": 0.0,
                                "credito": 0.0,
                                "saldo_atual": 2372.38
                            },
                            {
                                "conta": "02.1.1.01.001803522",
                                "descricao": "VPMB MARCAS E PATENTES LTDA",
                                "saldo_anterior": 4813.74,
                                "debito": 0.0,
                                "credito": 0.0,
                                "saldo_atual": 4813.74
                            },
                            {
                                "conta": "02.1.1.01.001804167",
                                "descricao": "Comercial Artmaq Ltda EPP",
                                "saldo_anterior": 2585.23,
                                "debito": 0.0,
                                "credito": 0.0,
                                "saldo_atual": 2585.23
                            },
                            {
                                "conta": "02.1.1.01.001837450",
                                "descricao": "FRIGELAR COMERCIO E INDUSTRIA LTDA",
                                "saldo_anterior": 0.0,
                                "debito": 0.0,
                                "credito": 14370.15,
                                "saldo_atual": 14370.15
                            },
                            {
                                "conta": "02.1.1.01.001837451",
                                "descricao": "FRIGELAR COMERCIO E INDUSTRIA LTDA (dup.)",
                                "saldo_anterior": 0.0,
                                "debito": 0.0,
                                "credito": 4209.48,
                                "saldo_atual": 4209.48
                            }
                        ]
                    },
                    {
                        "conta": "02.1.2",
                        "descricao": "EMPR\u00c9STIMOS E FINANCIAMENTOS",
                        "children": [
                            {
                                "conta": "02.1.2.01.010",
                                "descricao": "Banco Bradesco S/A",
                                "saldo_anterior": 27785.14,
                                "debito": 0.0,
                                "credito": 0.0,
                                "saldo_atual": 27785.14
                            }
                        ]
                    },
                    {
                        "conta": "02.1.3",
                        "descricao": "OBRIGA\u00c7\u00d5ES TRABALHISTAS",
                        "children": [
                            {
                                "conta": "02.1.3.01.001",
                                "descricao": "Sal\u00e1rios a pagar",
                                "saldo_anterior": 35066.91,
                                "debito": 0.0,
                                "credito": 8704.73,
                                "saldo_atual": 43771.64
                            },
                            {
                                "conta": "02.1.3.04.001",
                                "descricao": "INSS a pagar",
                                "saldo_anterior": 4151.34,
                                "debito": 0.0,
                                "credito": 1240.84,
                                "saldo_atual": 5392.18
                            }
                        ]
                    },
                    {
                        "conta": "02.1.4",
                        "descricao": "OBRIGA\u00c7\u00d5ES TRIBUT\u00c1RIAS",
                        "children": [
                            {
                                "conta": "02.1.4.01.001",
                                "descricao": "IRRF a Recolher",
                                "saldo_anterior": 423.92,
                                "debito": 0.0,
                                "credito": 106.54,
                                "saldo_atual": 530.46
                            },
                            {
                                "conta": "02.1.4.01.002",
                                "descricao": "IRRF a Recolher - Pessoa Jur\u00eddica",
                                "saldo_anterior": 64.79,
                                "debito": 0.0,
                                "credito": 0.0,
                                "saldo_atual": 64.79
                            },
                            {
                                "conta": "02.1.4.01.006",
                                "descricao": "INSS Retido a Recolher",
                                "saldo_anterior": 538.29,
                                "debito": 0.0,
                                "credito": 0.0,
                                "saldo_atual": 538.29
                            },
                            {
                                "conta": "02.1.4.03.001",
                                "descricao": "ICMS a Pagar",
                                "saldo_anterior": -134.25,
                                "debito": 0.0,
                                "credito": 958.33,
                                "saldo_atual": 824.08
                            },
                            {
                                "conta": "02.1.4.03.006",
                                "descricao": "SIMPLES a Pagar",
                                "saldo_anterior": 36544.17,
                                "debito": 0.0,
                                "credito": 7579.82,
                                "saldo_atual": 44123.99
                            }
                        ]
                    }
                ]
            },
            {
                "conta": "02.2",
                "descricao": "PASSIVO N\u00c3O CIRCULANTE",
                "children": [
                    {
                        "conta": "02.2.1.02.002",
                        "descricao": "Bens Remetidos para Teste",
                        "saldo_anterior": 15479.51,
                        "debito": 0.0,
                        "credito": 0.0,
                        "saldo_atual": 15479.51
                    }
                ]
            },
            {
                "conta": "02.3",
                "descricao": "PATRIM\u00d4NIO L\u00cdQUIDO",
                "children": [
                    {
                        "conta": "02.3.1.01.002",
                        "descricao": "Capital Social Integralizado",
                        "saldo_anterior": 11060.3,
                        "debito": 0.0,
                        "credito": 0.0,
                        "saldo_atual": 11060.3
                    },
                    {
                        "conta": "02.3.2.02.001",
                        "descricao": "Reserva de Lucros",
                        "saldo_anterior": 75878.96,
                        "debito": 0.0,
                        "credito": 0.0,
                        "saldo_atual": 75878.96
                    }
                ]
            }
        ]
    },
    "receitas": {
        "conta": "03",
        "descricao": "RECEITAS",
        "children": [
            {
                "conta": "03.1.1.03.002",
                "descricao": "Servi\u00e7os Prestados a Prazo",
                "saldo_anterior": 303638.33,
                "debito": 0.0,
                "credito": 84907.73,
                "saldo_atual": 388546.06
            },
            {
                "conta": "03.1.2.02.008",
                "descricao": "Simples Nacional sobre vendas e servi\u00e7os",
                "saldo_anterior": -31005.43,
                "debito": 7180.34,
                "credito": 0.0,
                "saldo_atual": -38185.77
            }
        ]
    },
    "custos_despesas": {
        "conta": "04",
        "descricao": "CUSTOS E DESPESAS",
        "children": [
            {
                "conta": "04.2.1.01.001",
                "descricao": "Sal\u00e1rios",
                "saldo_anterior": 38801.79,
                "debito": 7692.58,
                "credito": 0.0,
                "saldo_atual": 46494.37
            },
            {
                "conta": "04.2.1.99.013",
                "descricao": "Deprecia\u00e7\u00f5es e Amortiza\u00e7\u00f5es",
                "saldo_anterior": 0.0,
                "debito": 220.39,
                "credito": 0.0,
                "saldo_atual": 220.39
            },
            {
                "conta": "04.2.1.99.015",
                "descricao": "Fretes e Carretos",
                "saldo_anterior": 0.0,
                "debito": 491.83,
                "credito": 0.0,
                "saldo_atual": 491.83
            },
            {
                "conta": "04.2.1.99.020",
                "descricao": "Servi\u00e7os de Terceiros - Pessoa Jur\u00eddica",
                "saldo_anterior": 274641.52,
                "debito": 0.0,
                "credito": 0.0,
                "saldo_atual": 274641.52
            },
            {
                "conta": "04.2.2.02.001",
                "descricao": "Juros",
                "saldo_anterior": 113.63,
                "debito": 0.0,
                "credito": 0.0,
                "saldo_atual": 113.63
            },
            {
                "conta": "04.2.2.02.003",
                "descricao": "Multas",
                "saldo_anterior": 1104.3,
                "debito": 0.0,
                "credito": 0.0,
                "saldo_atual": 1104.3
            }
        ]
    }
}