{
  "metadata": {
    "razao_social": "INDUSTRIAL NORDESTE LTDA",
    "periodo": "01/02/2024 - 29/02/2024",
    "emissao": "29/02/2024 15:37:46"
  },
  "ativo": {
    "conta": "01",
    "descricao": "ATIVO",
    "children": [
      {
        "conta": "01.1",
        "descricao": "ATIVO CIRCULANTE",
        "children": [
          {
            "conta": "01.1.1",
            "descricao": "DISPONIBILIDADES",
            "children": [
              {
                "conta": "01.1.1.01",
                "descricao": "CAIXA",
                "children": [
                  {
                    "conta": "01.1.1.01.001",
                    "descricao": "Caixa",
                    "saldo_anterior": 44873.91,
                    "debito": 84601.94,
                    "credito": 14487.31,
                    "saldo_atual": 114988.54
                  }
                ]
              }
            ]
          },
          {
            "conta": "01.1.2",
            "descricao": "DIREITOS REALIZÁVEIS A CURTO PRAZO",
            "children": [
              {
                "conta": "01.1.2.01",
                "descricao": "CLIENTES NACIONAIS",
                "children": [
                  {
                    "conta": "01.1.2.01.001",
                    "descricao": "Clientes nacionais",
                    "saldo_anterior": 52801.96,
                    "debito": 0.0,
                    "credito": 0.0,
                    "saldo_atual": 52801.96
                  }
                ]
              },
              {
                "conta": "01.1.2.08",
                "descricao": "TRIBUTOS E CONTRIBUIÇÕES A COMPENSAR",
                "children": [
                  {
                    "conta": "01.1.2.08.001",
                    "descricao": "ICMS a Recuperar",
                    "saldo_anterior": 0.0,
                    "debito": 1052.0,
                    "credito": 0.0,
                    "saldo_atual": 1052.0
                  }
                ]
              },
              {
                "conta": "01.1.2.10",
                "descricao": "ESTOQUES",
                "children": [
                  {
                    "conta": "01.1.2.10.001",
                    "descricao": "Estoque de Mercadoria Para Revenda",
                    "saldo_anterior": 0.0,
                    "debito": 17360.82,
                    "credito": 0.0,
                    "saldo_atual": 17360.82
                  }
                ]
              },
              {
                "conta": "01.1.2.12",
                "descricao": "REMESSA DE PRODUTOS/MERCADORIAS",
                "children": [
                  {
                    "conta": "01.1.2.12.001",
                    "descricao": "Remessa de Produtos/Mercadorias",
                    "saldo_anterior": 19617.6,
                    "debito": 0.0,
                    "credito": 0.0,
                    "saldo_atual": 19617.6
                  }
                ]
              }
            ]
          }
        ]
      },
      {
        "conta": "01.2",
        "descricao": "ATIVO NÃO CIRCULANTE",
        "children": [
          {
            "conta": "01.2.3",
            "descricao": "IMOBILIZADO",
            "children": [
              {
                "conta": "01.2.3.01",
                "descricao": "BENS E DIREITOS EM USO",
                "children": [
                  {
                    "conta": "01.2.3.01.001",
                    "descricao": "Máquinas e Equipamentos",
                    "saldo_anterior": 0.0,
                    "debito": 26524.13,
                    "credito": 0.0,
                    "saldo_atual": 26524.13
                  }
                ]
              },
              {
                "conta": "01.2.3.05",
                "descricao": "(-) DEPRECIAÇÃO ACUMULADA",
                "children": [
                  {
                    "conta": "01.2.3.05.001",
                    "descricao": "(-) Máquinas e equipamentos",
                    "saldo_anterior": 0.0,
                    "debito": 0.0,
                    "credito": 266.97,
                    "saldo_atual": -266.97
                  }
                ]
              }
            ]
          }
        ]
      }
    ]
  },
  "passivo": {
    "conta": "02",
    "descricao": "PASSIVO",
    "children": [
      {
        "conta": "02.1",
        "descricao": "PASSIVO CIRCULANTE",
        "children": [
          {
            "conta": "02.1.1",
            "descricao": "FORNECEDORES",
            "children": [
              {
                "conta": "02.1.1.01.000007895",
                "descricao": "REZENDE CENTRO COMERCIAL AUTOMOTIVO LTDA",
                "saldo_anterior": 3295.66,
                "debito": 0.0,
                "credito": 0.0,
                "saldo_atual": 3295.66
              },
              {
                "conta": "02.1.1.01.001803522",
                "descricao": "VPMB MARCAS E PATENTES LTDA",
                "saldo_anterior": 3677.93,
                "debito": 0.0,
                "credito": 0.0,
                "saldo_atual": 3677.93
              },
              {
                "conta": "02.1.1.01.001804167",
                "descricao": "Comercial Artmaq Ltda EPP",
                "saldo_anterior": 3645.73,
                "debito": 0.0,
                "credito": 0.0,
                "saldo_atual": 3645.73
              },
              {
                "conta": "02.1.1.01.001837450",
                "descricao": "FRIGELAR COMERCIO E INDUSTRIA LTDA",
                "saldo_anterior": 0.0,
                "debito": 0.0,
                "credito": 12239.14,
                "saldo_atual": 12239.14
              },
              {
                "conta": "02.1.1.01.001837451",
                "descricao": "FRIGELAR COMERCIO E INDUSTRIA LTDA (dup.)",
                "saldo_anterior": 0.0,
                "debito": 0.0,
                "credito": 6860.32,
                "saldo_atual": 6860.32
              }
            ]
          },
          {
            "conta": "02.1.2",
            "descricao": "EMPRÉSTIMOS E FINANCIAMENTOS",
            "children": [
              {
                "conta": "02.1.2.01.010",
                "descricao": "Banco Bradesco S/A",
                "saldo_anterior": 38168.0,
                "debito": 0.0,
                "credito": 0.0,
                "saldo_atual": 38168.0
              }
            ]
          },
          {
            "conta": "02.1.3",
            "descricao": "OBRIGAÇÕES TRABALHISTAS",
            "children": [
              {
                "conta": "02.1.3.01.001",
                "descricao": "Salários a pagar",
                "saldo_anterior": 28550.98,
                "debito": 0.0,
                "credito": 9210.63,
                "saldo_atual": 37761.6
              },
              {
                "conta": "02.1.3.04.001",
                "descricao": "INSS a pagar",
                "saldo_anterior": 6991.1,
                "debito": 0.0,
                "credito": 908.28,
                "saldo_atual": 7899.38
              }
            ]
          },
          {
            "conta": "02.1.4",
            "descricao": "OBRIGAÇÕES TRIBUTÁRIAS",
            "children": [
              {
                "conta": "02.1.4.01.001",
                "descricao": "IRRF a Recolher",
                "saldo_anterior": 639.18,
                "debito": 0.0,
                "credito": 80.01,
                "saldo_atual": 719.19
              },
              {
                "conta": "02.1.4.01.002",
                "descricao": "IRRF a Recolher - Pessoa Jurídica",
                "saldo_anterior": 69.27,
                "debito": 0.0,
                "credito": 0.0,
                "saldo_atual": 69.27
              },
              {
                "conta": "02.1.4.01.006",
                "descricao": "INSS Retido a Recolher",
                "saldo_anterior": 429.99,
                "debito": 0.0,
                "credito": 0.0,
                "saldo_atual": 429.99
              },
              {
                "conta": "02.1.4.03.001",
                "descricao": "ICMS a Pagar",
                "saldo_anterior": -143.59,
                "debito": 0.0,
                "credito": 1302.09,
                "saldo_atual": 1158.5
              },
              {
                "conta": "02.1.4.03.006",
                "descricao": "SIMPLES a Pagar",
                "saldo_anterior": 29374.3,
                "debito": 0.0,
                "credito": 7128.22,
                "saldo_atual": 36502.52
              }
            ]
          }
        ]
      },
      {
        "conta": "02.2",
        "descricao": "PASSIVO NÃO CIRCULANTE",
        "children": [
          {
            "conta": "02.2.1.02.002",
            "descricao": "Bens Remetidos para Teste",
            "saldo_anterior": 17149.63,
            "debito": 0.0,
            "credito": 0.0,
            "saldo_atual": 17149.63
          }
        ]
      },
      {
        "conta": "02.3",
        "descricao": "PATRIMÔNIO LÍQUIDO",
        "children": [
          {
            "conta": "02.3.1.01.002",
            "descricao": "Capital Social Integralizado",
            "saldo_anterior": 9162.94,
            "debito": 0.0,
            "credito": 0.0,
            "saldo_atual": 9162.94
          },
          {
            "conta": "02.3.2.02.001",
            "descricao": "Reserva de Lucros",
            "saldo_anterior": 88164.42,
            "debito": 0.0,
            "credito": 0.0,
            "saldo_atual": 88164.42
          }
        ]
      }
    ]
  },
  "receitas": {
    "conta": "03",
    "descricao": "RECEITAS",
    "children": [
      {
        "conta": "03.1.1.03.002",
        "descricao": "Serviços Prestados a Prazo",
        "saldo_anterior": 381533.31,
        "debito": 0.0,
        "credito": 96015.14,
        "saldo_atual": 477548.46
      },
      {
        "conta": "03.1.2.02.008",
        "descricao": "Simples Nacional sobre vendas e serviços",
        "saldo_anterior": -41490.2,
        "debito": 6347.22,
        "credito": 0.0,
        "saldo_atual": -47837.42
      }
    ]
  },
  "custos_despesas": {
    "conta": "04",
    "descricao": "CUSTOS E DESPESAS",
    "children": [
      {
        "conta": "04.2.1.01.001",
        "descricao": "Salários",
        "saldo_anterior": 40640.35,
        "debito": 11735.07,
        "credito": 0.0,
        "saldo_atual": 52375.43
      },
      {
        "conta": "04.2.1.99.013",
        "descricao": "Depreciações e Amortizações",
        "saldo_anterior": 0.0,
        "debito": 197.4,
        "credito": 0.0,
        "saldo_atual": 197.4
      },
      {
        "conta": "04.2.1.99.015",
        "descricao": "Fretes e Carretos",
        "saldo_anterior": 0.0,
        "debito": 742.15,
        "credito": 0.0,
        "saldo_atual": 742.15
      },
      {
        "conta": "04.2.1.99.020",
        "descricao": "Serviços de Terceiros - Pessoa Jurídica",
        "saldo_anterior": 372473.2,
        "debito": 0.0,
        "credito": 0.0,
        "saldo_atual": 372473.2
      },
      {
        "conta": "04.2.2.02.001",
        "descricao": "Juros",
        "saldo_anterior": 140.96,
        "debito": 0.0,
        "credito": 0.0,
        "saldo_atual": 140.96
      },
      {
        "conta": "04.2.2.02.003",
        "descricao": "Multas",
        "saldo_anterior": 1399.54,
        "debito": 0.0,
        "credito": 0.0,
        "saldo_atual": 1399.54
      }
    ]
  }
}