{
    "metadata": {
        "razao_social": "INDUSTRIAL NORDESTE LTDA",
        "periodo": "01/06/2023 - 30/06/2023",
        "emissao": "30/06/2023 15:37:46"
    },
    "ativo": {
        "conta": "01",
        "descricao": "ATIVO",
        "children": [
            {
                "conta": "01.1",
                "descricao": "ATIVO CIRCULANTE",
                "children": [
                    {
                        "conta": "01.1.1",
                        "descricao": "DISPONIBILIDADES",
                        "children": [
                            {
                                "conta": "01.1.1.01",
                                "descricao": "CAIXA",
                                "children": [
                                    {
                                        "conta": "01.1.1.01.001",
                                        "descricao": "Caixa",
                                        "saldo_anterior": 51112.64,
                                        "debito": 73569.78,
                                        "credito": 15417.46,
                                        "saldo_atual": 109264.96
                                    }
                                ]
                            }
                        ]
                    },
                    {
                        "conta": "01.1.2",
                        "descricao": "DIREITOS REALIZ\u00c1VEIS A CURTO PRAZO",
                        "children": [
                            {
                                "conta": "01.1.2.01",
                                "descricao": "CLIENTES NACIONAIS",
                                "children": [
                                    {
                                        "conta": "01.1.2.01.001",
                                        "descricao": "Clientes nacionais",
                                        "saldo_anterior": 37679.88,
                                        "debito": 0.0,
                                        "credito": 0.0,
                                        "saldo_atual": 37679.88
                                    }
                                ]
                            },
                            {
                                "conta": "01.1.2.08",
                                "descricao": "TRIBUTOS E CONTRIBUI\u00c7\u00d5ES A COMPENSAR",
                                "children": [
                                    {
                                        "conta": "01.1.2.08.001",
                                        "descricao": "ICMS a Recuperar",
                                        "saldo_anterior": 0.0,
                                        "debito": 1014.13,
                                        "credito": 0.0,
                                        "saldo_atual": 1014.13
                                    }
                                ]
                            },
                            {
                                "conta": "01.1.2.10",
                                "descricao": "ESTOQUES",
                                "children": [
                                    {
                                        "conta": "01.1.2.10.001",
                                        "descricao": "Estoque de Mercadoria Para Revenda",
                                        "saldo_anterior": 0.0,
                                        "debito": 15815.45,
                                        "credito": 0.0,
                                        "saldo_atual": 15815.45
                                    }
                                ]
                            },
                            {
                                "conta": "01.1.2.12",
                                "descricao": "REMESSA DE PRODUTOS/MERCADORIAS",
                                "children": [
                                    {
                                        "conta": "01.1.2.12.001",
                                        "descricao": "Remessa de Produtos/Mercadorias",
                                        "saldo_anterior": 13062.14,
                                        "debito": 0.0,
                                        "credito": 0.0,
                                        "saldo_atual": 13062.14
                                    }
                                ]
                            }
                        ]
                    }
                ]
            },
            {
                "conta": "01.2",
                "descricao": "ATIVO N\u00c3O CIRCULANTE",
                "children": [
                    {
                        "conta": "01.2.3",
                        "descricao": "IMOBILIZADO",
                        "children": [
                            {
                                "conta": "01.2.3.01",
                                "descricao": "BENS E DIREITOS EM USO",
                                "children": [
                                    {
                                        "conta": "01.2.3.01.001",
                                        "descricao": "M\u00e1quinas e Equipamentos",
                                        "saldo_anterior": 0.0,
                                        "debito": 21709.99,
                                        "credito": 0.0,
                                        "saldo_atual": 21709.99
                                    }
                                ]
                            },
                            {
                                "conta": "01.2.3.05",
                                "descricao": "(-) DEPRECIA\u00c7\u00c3O ACUMULADA",
                                "children": [
                                    {
                                        "conta": "01.2.3.05.001",
                                        "descricao": "(-) M\u00e1quinas e equipamentos",
                                        "saldo_anterior": 0.0,
                                        "debito": 0.0,
                                        "credito": 143.38,
                                        "saldo_atual": -143.38
                                    }
                                ]
                            }
                        ]
                    }
                ]
            }
        ]
    },
    "passivo": {
        "conta": "02",
        "descricao": "PASSIVO",
        "children": [
            {
                "conta": "02.1",
                "descricao": "PASSIVO CIRCULANTE",
                "children": [
                    {
                        "conta": "02.1.1",
                        "descricao": "FORNECEDORES",
                        "children": [
                            {
                                "conta": "02.1.1.01.000007895",
                                "descricao": "REZENDE CENTRO COMERCIAL AUTOMOTIVO LTDA",
                                "saldo_anterior": 2042.94,
                                "debito": 0.0,
                                "credito": 0.0,
                                "saldo_atual": 2042.94
                            },
                            {
                                "conta": "02.1.1.01.001803522",
                                "descricao": "VPMB MARCAS E PATENTES LTDA",
                                "saldo_anterior": 3474.37,
                                "debito": 0.0,
                                "credito": 0.0,
                                "saldo_atual": 3474.37
                            },
                            {
                                "conta": "02.1.1.01.001804167",
                                "descricao": "Comercial Artmaq Ltda EPP",
                                "saldo_anterior": 2497.46,
                                "debito": 0.0,
                                "credito": 0.0,
                                "saldo_atual": 2497.46
                            },
                            {
                                "conta": "02.1.1.01.001837450",
                                "descricao": "FRIGELAR COMERCIO E INDUSTRIA LTDA",
                                "saldo_anterior": 0.0,
                                "debito": 0.0,
                                "credito": 11256.07,
                                "saldo_atual": 11256.07
                            },
                            {
                                "conta": "02.1.1.01.001837451",
                                "descricao": "FRIGELAR COMERCIO E INDUSTRIA LTDA (dup.)",
                                "saldo_anterior": 0.0,
                                "debito": 0.0,
                                "credito": 6072.58,
                                "saldo_atual": 6072.58
                            }
                        ]
                    },
                    {
                        "conta": "02.1.2",
                        "descricao": "EMPR\u00c9STIMOS E FINANCIAMENTOS",
                        "children": [
                            {
                                "conta": "02.1.2.01.010",
                                "descricao": "Banco Bradesco S/A",
                                "saldo_anterior": 31882.44,
                                "debito": 0.0,
                                "credito": 0.0,
                                "saldo_atual": 31882.44
                            }
                        ]
                    },
                    {
                        "conta": "02.1.3",
                        "descricao": "OBRIGA\u00c7\u00d5ES TRABALHISTAS",
                        "children": [
                            {
                                "conta": "02.1.3.01.001",
                                "descricao": "Sal\u00e1rios a pagar",
                                "saldo_anterior": 33898.98,
                                "debito": 0.0,
                                "credito": 9402.14,
                                "saldo_atual": 43301.12
                            },
                            {
                                "conta": "02.1.3.04.001",
                                "descricao": "INSS a pagar",
                                "saldo_anterior": 4913.08,
                                "debito": 0.0,
                                "credito": 901.48,
                                "saldo_atual": 5814.56
                            }
                        ]
                    },
                    {
                        "conta": "02.1.4",
                        "descricao": "OBRIGA\u00c7\u00d5ES TRIBUT\u00c1RIAS",
                        "children": [
                            {
                                "conta": "02.1.4.01.001",
                                "descricao": "IRRF a Recolher",
                                "saldo_anterior": 386.5,
                                "debito": 0.0,
                                "credito": 75.33,
                                "saldo_atual": 461.83
                            },
                            {
                                "conta": "02.1.4.01.002",
                                "descricao": "IRRF a Recolher - Pessoa Jur\u00eddica",
                                "saldo_anterior": 54.62,
                                "debito": 0.0,
                                "credito": 0.0,
                                "saldo_atual": 54.62
                            },
                            {
                                "conta": "02.1.4.01.006",
                                "descricao": "INSS Retido a Recolher",
                                "saldo_anterior": 411.04,
                                "debito": 0.0,
                                "credito": 0.0,
                                "saldo_atual": 411.04
                            },
                            {
                                "conta": "02.1.4.03.001",
                                "descricao": "ICMS a Pagar",
                                "saldo_anterior": -117.83,
                                "debito": 0.0,
                                "credito": 1008.41,
                                "saldo_atual": 890.58
                            },
                            {
                                "conta": "02.1.4.03.006",
                                "descricao": "SIMPLES a Pagar",
                                "saldo_anterior": 36098.47,
                                "debito": 0.0,
                                "credito": 7033.88,
                                "saldo_atual": 43132.35
                            }
                        ]
                    }
                ]
            },
            {
                "conta": "02.2",
                "descricao": "PASSIVO N\u00c3O CIRCULANTE",
                "children": [
                    {
                        "conta": "02.2.1.02.002",
                        "descricao": "Bens Remetidos para Teste",
                        "saldo_anterior": 13630.32,
                        "debito": 0.0,
                        "credito": 0.0,
                        "saldo_atual": 13630.32
                    }
                ]
            },
            {
                "conta": "02.3",
                "descricao": "PATRIM\u00d4NIO L\u00cdQUIDO",
                "children": [
                    {
                        "conta": "02.3.1.01.002",
                        "descricao": "Capital Social Integralizado",
                        "saldo_anterior": 9792.36,
                        "debito": 0.0,
                        "credito": 0.0,
                        "saldo_atual": 9792.36
                    },
                    {
                        "conta": "02.3.2.02.001",
                        "descricao": "Reserva de Lucros",
                        "saldo_anterior": 64266.53,
                        "debito": 0.0,
                        "credito": 0.0,
                        "saldo_atual": 64266.53
                    }
                ]
            }
        ]
    },
    "receitas": {
        "conta": "03",
        "descricao": "RECEITAS",
        "children": [
            {
                "conta": "03.1.1.03.002",
                "descricao": "Servi\u00e7os Prestados a Prazo",
                "saldo_anterior": 317336.56,
                "debito": 0.0,
                "credito": 92651.22,
                "saldo_atual": 409987.78
            },
            {
                "conta": "03.1.2.02.008",
                "descricao": "Simples Nacional sobre vendas e servi\u00e7os",
                "saldo_anterior": -27713.14,
                "debito": 4583.69,
                "credito": 0.0,
                "saldo_atual": -32296.83
            }
        ]
    },
    "custos_despesas": {
        "conta": "04",
        "descricao": "CUSTOS E DESPESAS",
        "children": [
            {
                "conta": "04.2.1.01.001",
                "descricao": "Sal\u00e1rios",
                "saldo_anterior": 37029.77,
                "debito": 7377.89,
                "credito": 0.0,
                "saldo_atual": 44407.66
            },
            {
                "conta": "04.2.1.99.013",
                "descricao": "Deprecia\u00e7\u00f5es e Amortiza\u00e7\u00f5es",
                "saldo_anterior": 0.0,
                "debito": 163.89,
                "credito": 0.0,
                "saldo_atual": 163.89
            },
            {
                "conta": "04.2.1.99.015",
                "descricao": "Fretes e Carretos",
                "saldo_anterior": 0.0,
                "debito": 433.0,
                "credito": 0.0,
                "saldo_atual": 433.0
            },
            {
                "conta": "04.2.1.99.020",
                "descricao": "Servi\u00e7os de Terceiros - Pessoa Jur\u00eddica",
                "saldo_anterior": 317768.41,
                "debito": 0.0,
                "credito": 0.0,
                "saldo_atual": 317768.41
            },
            {
                "conta": "04.2.2.02.001",
                "descricao": "Juros",
                "saldo_anterior": 94.18,
                "debito": 0.0,
                "credito": 0.0,
                "saldo_atual": 94.18
            },
            {
                "conta": "04.2.2.02.003",
                "descricao": "Multas",
                "saldo_anterior": 787.32,
                "debito": 0.0,
                "credito": 0.0,
                "saldo_atual": 787.32
            }
        ]
    }
}