{
    "metadata": {
        "razao_social": "INDUSTRIAL NORDESTE LTDA",
        "periodo": "01/07/2023 - 31/07/2023",
        "emissao": "31/07/2023 15:37:46"
    },
    "ativo": {
        "conta": "01",
        "descricao": "ATIVO",
        "children": [
            {
                "conta": "01.1",
                "descricao": "ATIVO CIRCULANTE",
                "children": [
                    {
                        "conta": "01.1.1",
                        "descricao": "DISPONIBILIDADES",
                        "children": [
                            {
                                "conta": "01.1.1.01",
                                "descricao": "CAIXA",
                                "children": [
                                    {
                                        "conta": "01.1.1.01.001",
                                        "descricao": "Caixa",
                                        "saldo_anterior": 44567.3,
                                        "debito": 89500.57,
                                        "credito": 16512.37,
                                        "saldo_atual": 117555.5
                                    }
                                ]
                            }
                        ]
                    },
                    {
                        "conta": "01.1.2",
                        "descricao": "DIREITOS REALIZ\u00c1VEIS A CURTO PRAZO",
                        "children": [
                            {
                                "conta": "01.1.2.01",
                                "descricao": "CLIENTES NACIONAIS",
                                "children": [
                                    {
                                        "conta": "01.1.2.01.001",
                                        "descricao": "Clientes nacionais",
                                        "saldo_anterior": 32087.6,
                                        "debito": 0.0,
                                        "credito": 0.0,
                                        "saldo_atual": 32087.6
                                    }
                                ]
                            },
                            {
                                "conta": "01.1.2.08",
                                "descricao": "TRIBUTOS E CONTRIBUI\u00c7\u00d5ES A COMPENSAR",
                                "children": [
                                    {
                                        "conta": "01.1.2.08.001",
                                        "descricao": "ICMS a Recuperar",
                                        "saldo_anterior": 0.0,
                                        "debito": 1123.94,
                                        "credito": 0.0,
                                        "saldo_atual": 1123.94
                                    }
                                ]
                            },
                            {
                                "conta": "01.1.2.10",
                                "descricao": "ESTOQUES",
                                "children": [
                                    {
                                        "conta": "01.1.2.10.001",
                                        "descricao": "Estoque de Mercadoria Para Revenda",
                                        "saldo_anterior": 0.0,
                                        "debito": 14047.46,
                                        "credito": 0.0,
                                        "saldo_atual": 14047.46
                                    }
                                ]
                            },
                            {
                                "conta": "01.1.2.12",
                                "descricao": "REMESSA DE PRODUTOS/MERCADORIAS",
                                "children": [
                                    {
                                        "conta": "01.1.2.12.001",
                                        "descricao": "Remessa de Produtos/Mercadorias",
                                        "saldo_anterior": 12390.11,
                                        "debito": 0.0,
                                        "credito": 0.0,
                                        "saldo_atual": 12390.11
                                    }
                                ]
                            }
                        ]
                    }
                ]
            },
            {
                "conta": "01.2",
                "descricao": "ATIVO N\u00c3O CIRCULANTE",
                "children": [
                    {
                        "conta": "01.2.3",
                        "descricao": "IMOBILIZADO",
                        "children": [
                            {
                                "conta": "01.2.3.01",
                                "descricao": "BENS E DIREITOS EM USO",
                                "children": [
                                    {
                                        "conta": "01.2.3.01.001",
                                        "descricao": "M\u00e1quinas e Equipamentos",
                                        "saldo_anterior": 0.0,
                                        "debito": 17349.08,
                                        "credito": 0.0,
                                        "saldo_atual": 17349.08
                                    }
                                ]
                            },
                            {
                                "conta": "01.2.3.05",
                                "descricao": "(-) DEPRECIA\u00c7\u00c3O ACUMULADA",
                                "children": [
                                    {
                                        "conta": "01.2.3.05.001",
                                        "descricao": "(-) M\u00e1quinas e equipamentos",
                                        "saldo_anterior": 0.0,
                                        "debito": 0.0,
                                        "credito": 184.7,
                                        "saldo_atual": -184.7
                                    }
                                ]
                            }
                        ]
                    }
                ]
            }
        ]
    },
    "passivo": {
        "conta": "02",
        "descricao": "PASSIVO",
        "children": [
            {
                "conta": "02.1",
                "descricao": "PASSIVO CIRCULANTE",
                "children": [
                    {
                        "conta": "02.1.1",
                        "descricao": "FORNECEDORES",
                        "children": [
                            {
                                "conta": "02.1.1.01.000007895",
                                "descricao": "REZENDE CENTRO COMERCIAL AUTOMOTIVO LTDA",
                                "saldo_anterior": 2926.78,
                                "debito": 0.0,
                                "credito": 0.0,
                                "saldo_atual": 2926.78
                            },
                            {
                                "conta": "02.1.1.01.001803522",
                                "descricao": "VPMB MARCAS E PATENTES LTDA",
                                "saldo_anterior": 4980.37,
                                "debito": 0.0,
                                "credito": 0.0,
                                "saldo_atual": 4980.37
                            },
                            {
                                "conta": "02.1.1.01.001804167",
                                "descricao": "Comercial Artmaq Ltda EPP",
                                "saldo_anterior": 3049.86,
                                "debito": 0.0,
                                "credito": 0.0,
                                "saldo_atual": 3049.86
                            },
                            {
                                "conta": "02.1.1.01.001837450",
                                "descricao": "FRIGELAR COMERCIO E INDUSTRIA LTDA",
                                "saldo_anterior": 0.0,
                                "debito": 0.0,
                                "credito": 11596.65,
                                "saldo_atual": 11596.65
                            },
                            {
                                "conta": "02.1.1.01.001837451",
                                "descricao": "FRIGELAR COMERCIO E INDUSTRIA LTDA (dup.)",
                                "saldo_anterior": 0.0,
                                "debito": 0.0,
                                "credito": 4451.14,
                                "saldo_atual": 4451.14
                            }
                        ]
                    },
                    {
                        "conta": "02.1.2",
                        "descricao": "EMPR\u00c9STIMOS E FINANCIAMENTOS",
                        "children": [
                            {
                                "conta": "02.1.2.01.010",
                                "descricao": "Banco Bradesco S/A",
                                "saldo_anterior": 35279.05,
                                "debito": 0.0,
                                "credito": 0.0,
                                "saldo_atual": 35279.05
                            }
                        ]
                    },
                    {
                        "conta": "02.1.3",
                        "descricao": "OBRIGA\u00c7\u00d5ES TRABALHISTAS",
                        "children": [
                            {
                                "conta": "02.1.3.01.001",
                                "descricao": "Sal\u00e1rios a pagar",
                                "saldo_anterior": 24690.39,
                                "debito": 0.0,
                                "credito": 8527.71,
                                "saldo_atual": 33218.1
                            },
                            {
                                "conta": "02.1.3.04.001",
                                "descricao": "INSS a pagar",
                                "saldo_anterior": 4206.01,
                                "debito": 0.0,
                                "credito": 1246.74,
                                "saldo_atual": 5452.75
                            }
                        ]
                    },
                    {
                        "conta": "02.1.4",
                        "descricao": "OBRIGA\u00c7\u00d5ES TRIBUT\u00c1RIAS",
                        "children": [
                            {
                                "conta": "02.1.4.01.001",
                                "descricao": "IRRF a Recolher",
                                "saldo_anterior": 369.96,
                                "debito": 0.0,
                                "credito": 100.05,
                                "saldo_atual": 470.01
                            },
                            {
                                "conta": "02.1.4.01.002",
                                "descricao": "IRRF a Recolher - Pessoa Jur\u00eddica",
                                "saldo_anterior": 69.53,
                                "debito": 0.0,
                                "credito": 0.0,
                                "saldo_atual": 69.53
                            },
                            {
                                "conta": "02.1.4.01.006",
                                "descricao": "INSS Retido a Recolher",
                                "saldo_anterior": 522.46,
                                "debito": 0.0,
                                "credito": 0.0,
                                "saldo_atual": 522.46
                            },
                            {
                                "conta": "02.1.4.03.001",
                                "descricao": "ICMS a Pagar",
                                "saldo_anterior": -116.88,
                                "debito": 0.0,
                                "credito": 1194.83,
                                "saldo_atual": 1077.95
                            },
                            {
                                "conta": "02.1.4.03.006",
                                "descricao": "SIMPLES a Pagar",
                                "saldo_anterior": 26095.52,
                                "debito": 0.0,
                                "credito": 6991.51,
                                "saldo_atual": 33087.03
                            }
                        ]
                    }
                ]
            },
            {
                "conta": "02.2",
                "descricao": "PASSIVO N\u00c3O CIRCULANTE",
                "children": [
                    {
                        "conta": "02.2.1.02.002",
                        "descricao": "Bens Remetidos para Teste",
                        "saldo_anterior": 12936.75,
                        "debito": 0.0,
                        "credito": 0.0,
                        "saldo_atual": 12936.75
                    }
                ]
            },
            {
                "conta": "02.3",
                "descricao": "PATRIM\u00d4NIO L\u00cdQUIDO",
                "children": [
                    {
                        "conta": "02.3.1.01.002",
                        "descricao": "Capital Social Integralizado",
                        "saldo_anterior": 9364.62,
                        "debito": 0.0,
                        "credito": 0.0,
                        "saldo_atual": 9364.62
                    },
                    {
                        "conta": "02.3.2.02.001",
                        "descricao": "Reserva de Lucros",
                        "saldo_anterior": 78949.05,
                        "debito": 0.0,
                        "credito": 0.0,
                        "saldo_atual": 78949.05
                    }
                ]
            }
        ]
    },
    "receitas": {
        "conta": "03",
        "descricao": "RECEITAS",
        "children": [
            {
                "conta": "03.1.1.03.002",
                "descricao": "Servi\u00e7os Prestados a Prazo",
                "saldo_anterior": 352713.22,
                "debito": 0.0,
                "credito": 73654.8,
                "saldo_atual": 426368.02
            },
            {
                "conta": "03.1.2.02.008",
                "descricao": "Simples Nacional sobre vendas e servi\u00e7os",
                "saldo_anterior": -34918.35,
                "debito": 7542.07,
                "credito": 0.0,
                "saldo_atual": -42460.42
            }
        ]
    },
    "custos_despesas": {
        "conta": "04",
        "descricao": "CUSTOS E DESPESAS",
        "children": [
            {
                "conta": "04.2.1.01.001",
                "descricao": "Sal\u00e1rios",
                "saldo_anterior": 39867.01,
                "debito": 9124.35,
                "credito": 0.0,
                "saldo_atual": 48991.36
            },
            {
                "conta": "04.2.1.99.013",
                "descricao": "Deprecia\u00e7\u00f5es e Amortiza\u00e7\u00f5es",
                "saldo_anterior": 0.0,
                "debito": 142.26,
                "credito": 0.0,
                "saldo_atual": 142.26
            },
            {
                "conta": "04.2.1.99.015",
                "descricao": "Fretes e Carretos",
                "saldo_anterior": 0.0,
                "debito": 446.35,
                "credito": 0.0,
                "saldo_atual": 446.35
            },
            {
                "conta": "04.2.1.99.020",
                "descricao": "Servi\u00e7os de Terceiros - Pessoa Jur\u00eddica",
                "saldo_anterior": 369281.49,
                "debito": 0.0,
                "credito": 0.0,
                "saldo_atual": 369281.49
            },
            {
                "conta": "04.2.2.02.001",
                "descricao": "Juros",
                "saldo_anterior": 96.24,
                "debito": 0.0,
                "credito": 0.0,
                "saldo_atual": 96.24
            },
            {
                "conta": "04.2.2.02.003",
                "descricao": "Multas",
                "saldo_anterior": 786.05,
                "debito": 0.0,
                "credito": 0.0,
                "saldo_atual": 786.05
            }
        ]
    }
}