{
    "metadata": {
        "razao_social": "INDUSTRIAL NORDESTE LTDA",
        "periodo": "01/08/2023 - 31/08/2023",
        "emissao": "31/08/2023 15:37:46"
    },
    "ativo": {
        "conta": "01",
        "descricao": "ATIVO",
        "children": [
            {
                "conta": "01.1",
                "descricao": "ATIVO CIRCULANTE",
                "children": [
                    {
                        "conta": "01.1.1",
                        "descricao": "DISPONIBILIDADES",
                        "children": [
                            {
                                "conta": "01.1.1.01",
                                "descricao": "CAIXA",
                                "children": [
                                    {
                                        "conta": "01.1.1.01.001",
                                        "descricao": "Caixa",
                                        "saldo_anterior": 37117.18,
                                        "debito": 66302.37,
                                        "credito": 16243.15,
                                        "saldo_atual": 87176.4
                                    }
                                ]
                            }
                        ]
                    },
                    {
                        "conta": "01.1.2",
                        "descricao": "DIREITOS REALIZ\u00c1VEIS A CURTO PRAZO",
                        "children": [
                            {
                                "conta": "01.1.2.01",
                                "descricao": "CLIENTES NACIONAIS",
                                "children": [
                                    {
                                        "conta": "01.1.2.01.001",
                                        "descricao": "Clientes nacionais",
                                        "saldo_anterior": 41240.5,
                                        "debito": 0.0,
                                        "credito": 0.0,
                                        "saldo_atual": 41240.5
                                    }
                                ]
                            },
                            {
                                "conta": "01.1.2.08",
                                "descricao": "TRIBUTOS E CONTRIBUI\u00c7\u00d5ES A COMPENSAR",
                                "children": [
                                    {
                                        "conta": "01.1.2.08.001",
                                        "descricao": "ICMS a Recuperar",
                                        "saldo_anterior": 0.0,
                                        "debito": 1065.68,
                                        "credito": 0.0,
                                        "saldo_atual": 1065.68
                                    }
                                ]
                            },
                            {
                                "conta": "01.1.2.10",
                                "descricao": "ESTOQUES",
                                "children": [
                                    {
                                        "conta": "01.1.2.10.001",
                                        "descricao": "Estoque de Mercadoria Para Revenda",
                                        "saldo_anterior": 0.0,
                                        "debito": 12407.44,
                                        "credito": 0.0,
                                        "saldo_atual": 12407.44
                                    }
                                ]
                            },
                            {
                                "conta": "01.1.2.12",
                                "descricao": "REMESSA DE PRODUTOS/MERCADORIAS",
                                "children": [
                                    {
                                        "conta": "01.1.2.12.001",
                                        "descricao": "Remessa de Produtos/Mercadorias",
                                        "saldo_anterior": 16329.06,
                                        "debito": 0.0,
                                        "credito": 0.0,
                                        "saldo_atual": 16329.06
                                    }
                                ]
                            }
                        ]
                    }
                ]
            },
            {
                "conta": "01.2",
                "descricao": "ATIVO N\u00c3O CIRCULANTE",
                "children": [
                    {
                        "conta": "01.2.3",
                        "descricao": "IMOBILIZADO",
                        "children": [
                            {
                                "conta": "01.2.3.01",
                                "descricao": "BENS E DIREITOS EM USO",
                                "children": [
                                    {
                                        "conta": "01.2.3.01.001",
                                        "descricao": "M\u00e1quinas e Equipamentos",
                                        "saldo_anterior": 0.0,
                                        "debito": 22385.95,
                                        "credito": 0.0,
                                        "saldo_atual": 22385.95
                                    }
                                ]
                            },
                            {
                                "conta": "01.2.3.05",
                                "descricao": "(-) DEPRECIA\u00c7\u00c3O ACUMULADA",
                                "children": [
                                    {
                                        "conta": "01.2.3.05.001",
                                        "descricao": "(-) M\u00e1quinas e equipamentos",
                                        "saldo_anterior": 0.0,
                                        "debito": 0.0,
                                        "credito": 214.68,
                                        "saldo_atual": -214.68
                                    }
                                ]
                            }
                        ]
                    }
                ]
            }
        ]
    },
    "passivo": {
        "conta": "02",
        "descricao": "PASSIVO",
        "children": [
            {
                "conta": "02.1",
                "descricao": "PASSIVO CIRCULANTE",
                "children": [
                    {
                        "conta": "02.1.1",
                        "descricao": "FORNECEDORES",
                        "children": [
                            {
                                "conta": "02.1.1.01.000007895",
                                "descricao": "REZENDE CENTRO COMERCIAL AUTOMOTIVO LTDA",
                                "saldo_anterior": 2085.4,
                                "debito": 0.0,
                                "credito": 0.0,
                                "saldo_atual": 2085.4
                            },
                            {
                                "conta": "02.1.1.01.001803522",
                                "descricao": "VPMB MARCAS E PATENTES LTDA",
                                "saldo_anterior": 4927.31,
                                "debito": 0.0,
                                "credito": 0.0,
                                "saldo_atual": 4927.31
                            },
                            {
                                "conta": "02.1.1.01.001804167",
                                "descricao": "Comercial Artmaq Ltda EPP",
                                "saldo_anterior": 2830.01,
                                "debito": 0.0,
                                "credito": 0.0,
                                "saldo_atual": 2830.01
                            },
                            {
                                "conta": "02.1.1.01.001837450",
                                "descricao": "FRIGELAR COMERCIO E INDUSTRIA LTDA",
                                "saldo_anterior": 0.0,
                                "debito": 0.0,
                                "credito": 11970.08,
                                "saldo_atual": 11970.08
                            },
                            {
                                "conta": "02.1.1.01.001837451",
                                "descricao": "FRIGELAR COMERCIO E INDUSTRIA LTDA (dup.)",
                                "saldo_anterior": 0.0,
                                "debito": 0.0,
                                "credito": 6254.53,
                                "saldo_atual": 6254.53
                            }
                        ]
                    },
                    {
                        "conta": "02.1.2",
                        "descricao": "EMPR\u00c9STIMOS E FINANCIAMENTOS",
                        "children": [
                            {
                                "conta": "02.1.2.01.010",
                                "descricao": "Banco Bradesco S/A",
                                "saldo_anterior": 32480.97,
                                "debito": 0.0,
                                "credito": 0.0,
                                "saldo_atual": 32480.97
                            }
                        ]
                    },
                    {
                        "conta": "02.1.3",
                        "descricao": "OBRIGA\u00c7\u00d5ES TRABALHISTAS",
                        "children": [
                            {
                                "conta": "02.1.3.01.001",
                                "descricao": "Sal\u00e1rios a pagar",
                                "saldo_anterior": 26309.68,
                                "debito": 0.0,
                                "credito": 8315.81,
                                "saldo_atual": 34625.49
                            },
                            {
                                "conta": "02.1.3.04.001",
                                "descricao": "INSS a pagar",
                                "saldo_anterior": 3730.55,
                                "debito": 0.0,
                                "credito": 1120.23,
                                "saldo_atual": 4850.78
                            }
                        ]
                    },
                    {
                        "conta": "02.1.4",
                        "descricao": "OBRIGA\u00c7\u00d5ES TRIBUT\u00c1RIAS",
                        "children": [
                            {
                                "conta": "02.1.4.01.001",
                                "descricao": "IRRF a Recolher",
                                "saldo_anterior": 471.73,
                                "debito": 0.0,
                                "credito": 88.9,
                                "saldo_atual": 560.63
                            },
                            {
                                "conta": "02.1.4.01.002",
                                "descricao": "IRRF a Recolher - Pessoa Jur\u00eddica",
                                "saldo_anterior": 52.45,
                                "debito": 0.0,
                                "credito": 0.0,
                                "saldo_atual": 52.45
                            },
                            {
                                "conta": "02.1.4.01.006",
                                "descricao": "INSS Retido a Recolher",
                                "saldo_anterior": 508.59,
                                "debito": 0.0,
                                "credito": 0.0,
                                "saldo_atual": 508.59
                            },
                            {
                                "conta": "02.1.4.03.001",
                                "descricao": "ICMS a Pagar",
                                "saldo_anterior": -100.27,
                                "debito": 0.0,
                                "credito": 1267.01,
                                "saldo_atual": 1166.74
                            },
                            {
                                "conta": "02.1.4.03.006",
                                "descricao": "SIMPLES a Pagar",
                                "saldo_anterior": 35427.72,
                                "debito": 0.0,
                                "credito": 6706.84,
                                "saldo_atual": 42134.56
                            }
                        ]
                    }
                ]
            },
            {
                "conta": "02.2",
                "descricao": "PASSIVO N\u00c3O CIRCULANTE",
                "children": [
                    {
                        "conta": "02.2.1.02.002",
                        "descricao": "Bens Remetidos para Teste",
                        "saldo_anterior": 10646.38,
                        "debito": 0.0,
                        "credito": 0.0,
                        "saldo_atual": 10646.38
                    }
                ]
            },
            {
                "conta": "02.3",
                "descricao": "PATRIM\u00d4NIO L\u00cdQUIDO",
                "children": [
                    {
                        "conta": "02.3.1.01.002",
                        "descricao": "Capital Social Integralizado",
                        "saldo_anterior": 11188.0,
                        "debito": 0.0,
                        "credito": 0.0,
                        "saldo_atual": 11188.0
                    },
                    {
                        "conta": "02.3.2.02.001",
                        "descricao": "Reserva de Lucros",
                        "saldo_anterior": 64365.87,
                        "debito": 0.0,
                        "credito": 0.0,
                        "saldo_atual": 64365.87
                    }
                ]
            }
        ]
    },
    "receitas": {
        "conta": "03",
        "descricao": "RECEITAS",
        "children": [
            {
                "conta": "03.1.1.03.002",
                "descricao": "Servi\u00e7os Prestados a Prazo",
                "saldo_anterior": 264204.65,
                "debito": 0.0,
                "credito": 76938.04,
                "saldo_atual": 341142.69
            },
            {
                "conta": "03.1.2.02.008",
                "descricao": "Simples Nacional sobre vendas e servi\u00e7os",
                "saldo_anterior": -34828.82,
                "debito": 4936.31,
                "credito": 0.0,
                "saldo_atual": -39765.13
            }
        ]
    },
    "custos_despesas": {
        "conta": "04",
        "descricao": "CUSTOS E DESPESAS",
        "children": [
            {
                "conta": "04.2.1.01.001",
                "descricao": "Sal\u00e1rios",
                "saldo_anterior": 38304.75,
                "debito": 9596.13,
                "credito": 0.0,
                "saldo_atual": 47900.88
            },
            {
                "conta": "04.2.1.99.013",
                "descricao": "Deprecia\u00e7\u00f5es e Amortiza\u00e7\u00f5es",
                "saldo_anterior": 0.0,
                "debito": 222.7,
                "credito": 0.0,
                "saldo_atual": 222.7
            },
            {
                "conta": "04.2.1.99.015",
                "descricao": "Fretes e Carretos",
                "saldo_anterior": 0.0,
                "debito": 589.95,
                "credito": 0.0,
                "saldo_atual": 589.95
            },
            {
                "conta": "04.2.1.99.020",
                "descricao": "Servi\u00e7os de Terceiros - Pessoa Jur\u00eddica",
                "saldo_anterior": 356351.13,
                "debito": 0.0,
                "credito": 0.0,
                "saldo_atual": 356351.13
            },
            {
                "conta": "04.2.2.02.001",
                "descricao": "Juros",
                "saldo_anterior": 126.34,
                "debito": 0.0,
                "credito": 0.0,
                "saldo_atual": 126.34
            },
            {
                "conta": "04.2.2.02.003",
                "descricao": "Multas",
                "saldo_anterior": 1184.28,
                "debito": 0.0,
                "credito": 0.0,
                "saldo_atual": 1184.28
            }
        ]
    }
}