{
  "metadata": {
    "razao_social": "INDUSTRIAL NORDESTE LTDA",
    "periodo": "01/03/2024 - 31/03/2024",
    "emissao": "31/03/2024 15:37:46"
  },
  "ativo": {
    "conta": "01",
    "descricao": "ATIVO",
    "children": [
      {
        "conta": "01.1",
        "descricao": "ATIVO CIRCULANTE",
        "children": [
          {
            "conta": "01.1.1",
            "descricao": "DISPONIBILIDADES",
            "children": [
              {
                "conta": "01.1.1.01",
                "descricao": "CAIXA",
                "children": [
                  {
                    "conta": "01.1.1.01.001",
                    "descricao": "Caixa",
                    "saldo_anterior": 43761.49,
                    "debito": 82504.66,
                    "credito": 14128.17,
                    "saldo_atual": 112137.98
                  }
                ]
              }
            ]
          },
          {
            "conta": "01.1.2",
            "descricao": "DIREITOS REALIZÁVEIS A CURTO PRAZO",
            "children": [
              {
                "conta": "01.1.2.01",
                "descricao": "CLIENTES NACIONAIS",
                "children": [
                  {
                    "conta": "01.1.2.01.001",
                    "descricao": "Clientes nacionais",
                    "saldo_anterior": 51493.0,
                    "debito": 0.0,
                    "credito": 0.0,
                    "saldo_atual": 51493.0
                  }
                ]
              },
              {
                "conta": "01.1.2.08",
                "descricao": "TRIBUTOS E CONTRIBUIÇÕES A COMPENSAR",
                "children": [
                  {
                    "conta": "01.1.2.08.001",
                    "descricao": "ICMS a Recuperar",
                    "saldo_anterior": 0.0,
                    "debito": 1025.92,
                    "credito": 0.0,
                    "saldo_atual": 1025.92
                  }
                ]
              },
              {
                "conta": "01.1.2.10",
                "descricao": "ESTOQUES",
                "children": [
                  {
                    "conta": "01.1.2.10.001",
                    "descricao": "Estoque de Mercadoria Para Revenda",
                    "saldo_anterior": 0.0,
                    "debito": 16930.44,
                    "credito": 0.0,
                    "saldo_atual": 16930.44
                  }
                ]
              },
              {
                "conta": "01.1.2.12",
                "descricao": "REMESSA DE PRODUTOS/MERCADORIAS",
                "children": [
                  {
                    "conta": "01.1.2.12.001",
                    "descricao": "Remessa de Produtos/Mercadorias",
                    "saldo_anterior": 19131.28,
                    "debito": 0.0,
                    "credito": 0.0,
                    "saldo_atual": 19131.28
                  }
                ]
              }
            ]
          }
        ]
      },
      {
        "conta": "01.2",
        "descricao": "ATIVO NÃO CIRCULANTE",
        "children": [
          {
            "conta": "01.2.3",
            "descricao": "IMOBILIZADO",
            "children": [
              {
                "conta": "01.2.3.01",
                "descricao": "BENS E DIREITOS EM USO",
                "children": [
                  {
                    "conta": "01.2.3.01.001",
                    "descricao": "Máquinas e Equipamentos",
                    "saldo_anterior": 0.0,
                    "debito": 25866.59,
                    "credito": 0.0,
                    "saldo_atual": 25866.59
                  }
                ]
              },
              {
                "conta": "01.2.3.05",
                "descricao": "(-) DEPRECIAÇÃO ACUMULADA",
                "children": [
                  {
                    "conta": "01.2.3.05.001",
                    "descricao": "(-) Máquinas e equipamentos",
                    "saldo_anterior": 0.0,
                    "debito": 0.0,
                    "credito": 260.35,
                    "saldo_atual": -260.35
                  }
                ]
              }
            ]
          }
        ]
      }
    ]
  },
  "passivo": {
    "conta": "02",
    "descricao": "PASSIVO",
    "children": [
      {
        "conta": "02.1",
        "descricao": "PASSIVO CIRCULANTE",
        "children": [
          {
            "conta": "02.1.1",
            "descricao": "FORNECEDORES",
            "children": [
              {
                "conta": "02.1.1.01.000007895",
                "descricao": "REZENDE CENTRO COMERCIAL AUTOMOTIVO LTDA",
                "saldo_anterior": 3213.97,
                "debito": 0.0,
                "credito": 0.0,
                "saldo_atual": 3213.97
              },
              {
                "conta": "02.1.1.01.001803522",
                "descricao": "VPMB MARCAS E PATENTES LTDA",
                "saldo_anterior": 3586.76,
                "debito": 0.0,
                "credito": 0.0,
                "saldo_atual": 3586.76
              },
              {
                "conta": "02.1.1.01.001804167",
                "descricao": "Comercial Artmaq Ltda EPP",
                "saldo_anterior": 3555.36,
                "debito": 0.0,
                "credito": 0.0,
                "saldo_atual": 3555.36
              },
              {
                "conta": "02.1.1.01.001837450",
                "descricao": "FRIGELAR COMERCIO E INDUSTRIA LTDA",
                "saldo_anterior": 0.0,
                "debito": 0.0,
                "credito": 11935.73,
                "saldo_atual": 11935.73
              },
              {
                "conta": "02.1.1.01.001837451",
                "descricao": "FRIGELAR COMERCIO E INDUSTRIA LTDA (dup.)",
                "saldo_anterior": 0.0,
                "debito": 0.0,
                "credito": 6690.25,
                "saldo_atual": 6690.25
              }
            ]
          },
          {
            "conta": "02.1.2",
            "descricao": "EMPRÉSTIMOS E FINANCIAMENTOS",
            "children": [
              {
                "conta": "02.1.2.01.010",
                "descricao": "Banco Bradesco S/A",
                "saldo_anterior": 37221.82,
                "debito": 0.0,
                "credito": 0.0,
                "saldo_atual": 37221.82
              }
            ]
          },
          {
            "conta": "02.1.3",
            "descricao": "OBRIGAÇÕES TRABALHISTAS",
            "children": [
              {
                "conta": "02.1.3.01.001",
                "descricao": "Salários a pagar",
                "saldo_anterior": 27843.2,
                "debito": 0.0,
                "credito": 8982.3,
                "saldo_atual": 36825.5
              },
              {
                "conta": "02.1.3.04.001",
                "descricao": "INSS a pagar",
                "saldo_anterior": 6817.79,
                "debito": 0.0,
                "credito": 885.76,
                "saldo_atual": 7703.55
              }
            ]
          },
          {
            "conta": "02.1.4",
            "descricao": "OBRIGAÇÕES TRIBUTÁRIAS",
            "children": [
              {
                "conta": "02.1.4.01.001",
                "descricao": "IRRF a Recolher",
                "saldo_anterior": 623.34,
                "debito": 0.0,
                "credito": 78.02,
                "saldo_atual": 701.36
              },
              {
                "conta": "02.1.4.01.002",
                "descricao": "IRRF a Recolher - Pessoa Jurídica",
                "saldo_anterior": 67.55,
                "debito": 0.0,
                "credito": 0.0,
                "saldo_atual": 67.55
              },
              {
                "conta": "02.1.4.01.006",
                "descricao": "INSS Retido a Recolher",
                "saldo_anterior": 419.33,
                "debito": 0.0,
                "credito": 0.0,
                "saldo_atual": 419.33
              },
              {
                "conta": "02.1.4.03.001",
                "descricao": "ICMS a Pagar",
                "saldo_anterior": -140.03,
                "debito": 0.0,
                "credito": 1269.81,
                "saldo_atual": 1129.78
              },
              {
                "conta": "02.1.4.03.006",
                "descricao": "SIMPLES a Pagar",
                "saldo_anterior": 28646.11,
                "debito": 0.0,
                "credito": 6951.51,
                "saldo_atual": 35597.62
              }
            ]
          }
        ]
      },
      {
        "conta": "02.2",
        "descricao": "PASSIVO NÃO CIRCULANTE",
        "children": [
          {
            "conta": "02.2.1.02.002",
            "descricao": "Bens Remetidos para Teste",
            "saldo_anterior": 16724.5,
            "debito": 0.0,
            "credito": 0.0,
            "saldo_atual": 16724.5
          }
        ]
      },
      {
        "conta": "02.3",
        "descricao": "PATRIMÔNIO LÍQUIDO",
        "children": [
          {
            "conta": "02.3.1.01.002",
            "descricao": "Capital Social Integralizado",
            "saldo_anterior": 8935.79,
            "debito": 0.0,
            "credito": 0.0,
            "saldo_atual": 8935.79
          },
          {
            "conta": "02.3.2.02.001",
            "descricao": "Reserva de Lucros",
            "saldo_anterior": 85978.83,
            "debito": 0.0,
            "credito": 0.0,
            "saldo_atual": 85978.83
          }
        ]
      }
    ]
  },
  "receitas": {
    "conta": "03",
    "descricao": "RECEITAS",
    "children": [
      {
        "conta": "03.1.1.03.002",
        "descricao": "Serviços Prestados a Prazo",
        "saldo_anterior": 372075.12,
        "debito": 0.0,
        "credito": 93634.93,
        "saldo_atual": 465710.06
      },
      {
        "conta": "03.1.2.02.008",
        "descricao": "Simples Nacional sobre vendas e serviços",
        "saldo_anterior": -40461.66,
        "debito": 6189.88,
        "credito": 0.0,
        "saldo_atual": -46651.54
      }
    ]
  },
  "custos_despesas": {
    "conta": "04",
    "descricao": "CUSTOS E DESPESAS",
    "children": [
      {
        "conta": "04.2.1.01.001",
        "descricao": "Salários",
        "saldo_anterior": 39632.88,
        "debito": 11444.16,
        "credito": 0.0,
        "saldo_atual": 51077.04
      },
      {
        "conta": "04.2.1.99.013",
        "descricao": "Depreciações e Amortizações",
        "saldo_anterior": 0.0,
        "debito": 192.5,
        "credito": 0.0,
        "saldo_atual": 192.5
      },
      {
        "conta": "04.2.1.99.015",
        "descricao": "Fretes e Carretos",
        "saldo_anterior": 0.0,
        "debito": 723.75,
        "credito": 0.0,
        "saldo_atual": 723.75
      },
      {
        "conta": "04.2.1.99.020",
        "descricao": "Serviços de Terceiros - Pessoa Jurídica",
        "saldo_anterior": 363239.6,
        "debito": 0.0,
        "credito": 0.0,
        "saldo_atual": 363239.6
      },
      {
        "conta": "04.2.2.02.001",
        "descricao": "Juros",
        "saldo_anterior": 137.47,
        "debito": 0.0,
        "credito": 0.0,
        "saldo_atual": 137.47
      },
      {
        "conta": "04.2.2.02.003",
        "descricao": "Multas",
        "saldo_anterior": 1364.85,
        "debito": 0.0,
        "credito": 0.0,
        "saldo_atual": 1364.85
      }
    ]
  }
}