{
  "metadata": {
    "razao_social": "INDUSTRIAL NORDESTE LTDA",
    "periodo": "01/02/2022 - 28/02/2022",
    "emissao": "28/02/2022 15:37:46"
  },
  "ativo": {
    "conta": "01",
    "descricao": "ATIVO",
    "children": [
      {
        "conta": "01.1",
        "descricao": "ATIVO CIRCULANTE",
        "children": [
          {
            "conta": "01.1.1",
            "descricao": "DISPONIBILIDADES",
            "children": [
              {
                "conta": "01.1.1.01",
                "descricao": "CAIXA",
                "children": [
                  {
                    "conta": "01.1.1.01.001",
                    "descricao": "Caixa",
                    "saldo_anterior": 30778.84,
                    "debito": 58028.15,
                    "credito": 9936.79,
                    "saldo_atual": 78870.2
                  }
                ]
              }
            ]
          },
          {
            "conta": "01.1.2",
            "descricao": "DIREITOS REALIZÁVEIS A CURTO PRAZO",
            "children": [
              {
                "conta": "01.1.2.01",
                "descricao": "CLIENTES NACIONAIS",
                "children": [
                  {
                    "conta": "01.1.2.01.001",
                    "descricao": "Clientes nacionais",
                    "saldo_anterior": 36216.66,
                    "debito": 0.0,
                    "credito": 0.0,
                    "saldo_atual": 36216.66
                  }
                ]
              },
              {
                "conta": "01.1.2.08",
                "descricao": "TRIBUTOS E CONTRIBUIÇÕES A COMPENSAR",
                "children": [
                  {
                    "conta": "01.1.2.08.001",
                    "descricao": "ICMS a Recuperar",
                    "saldo_anterior": 0.0,
                    "debito": 721.56,
                    "credito": 0.0,
                    "saldo_atual": 721.56
                  }
                ]
              },
              {
                "conta": "01.1.2.10",
                "descricao": "ESTOQUES",
                "children": [
                  {
                    "conta": "01.1.2.10.001",
                    "descricao": "Estoque de Mercadoria Para Revenda",
                    "saldo_anterior": 0.0,
                    "debito": 11907.72,
                    "credito": 0.0,
                    "saldo_atual": 11907.72
                  }
                ]
              },
              {
                "conta": "01.1.2.12",
                "descricao": "REMESSA DE PRODUTOS/MERCADORIAS",
                "children": [
                  {
                    "conta": "01.1.2.12.001",
                    "descricao": "Remessa de Produtos/Mercadorias",
                    "saldo_anterior": 13455.63,
                    "debito": 0.0,
                    "credito": 0.0,
                    "saldo_atual": 13455.63
                  }
                ]
              }
            ]
          }
        ]
      },
      {
        "conta": "01.2",
        "descricao": "ATIVO NÃO CIRCULANTE",
        "children": [
          {
            "conta": "01.2.3",
            "descricao": "IMOBILIZADO",
            "children": [
              {
                "conta": "01.2.3.01",
                "descricao": "BENS E DIREITOS EM USO",
                "children": [
                  {
                    "conta": "01.2.3.01.001",
                    "descricao": "Máquinas e Equipamentos",
                    "saldo_anterior": 0.0,
                    "debito": 18192.8,
                    "credito": 0.0,
                    "saldo_atual": 18192.8
                  }
                ]
              },
              {
                "conta": "01.2.3.05",
                "descricao": "(-) DEPRECIAÇÃO ACUMULADA",
                "children": [
                  {
                    "conta": "01.2.3.05.001",
                    "descricao": "(-) Máquinas e equipamentos",
                    "saldo_anterior": 0.0,
                    "debito": 0.0,
                    "credito": 183.11,
                    "saldo_atual": -183.11
                  }
                ]
              }
            ]
          }
        ]
      }
    ]
  },
  "passivo": {
    "conta": "02",
    "descricao": "PASSIVO",
    "children": [
      {
        "conta": "02.1",
        "descricao": "PASSIVO CIRCULANTE",
        "children": [
          {
            "conta": "02.1.1",
            "descricao": "FORNECEDORES",
            "children": [
              {
                "conta": "02.1.1.01.000007895",
                "descricao": "REZENDE CENTRO COMERCIAL AUTOMOTIVO LTDA",
                "saldo_anterior": 2260.48,
                "debito": 0.0,
                "credito": 0.0,
                "saldo_atual": 2260.48
              },
              {
                "conta": "02.1.1.01.001803522",
                "descricao": "VPMB MARCAS E PATENTES LTDA",
                "saldo_anterior": 2522.68,
                "debito": 0.0,
                "credito": 0.0,
                "saldo_atual": 2522.68
              },
              {
                "conta": "02.1.1.01.001804167",
                "descricao": "Comercial Artmaq Ltda EPP",
                "saldo_anterior": 2500.59,
                "debito": 0.0,
                "credito": 0.0,
                "saldo_atual": 2500.59
              },
              {
                "conta": "02.1.1.01.001837450",
                "descricao": "FRIGELAR COMERCIO E INDUSTRIA LTDA",
                "saldo_anterior": 0.0,
                "debito": 0.0,
                "credito": 8394.78,
                "saldo_atual": 8394.78
              },
              {
                "conta": "02.1.1.01.001837451",
                "descricao": "FRIGELAR COMERCIO E INDUSTRIA LTDA (dup.)",
                "saldo_anterior": 0.0,
                "debito": 0.0,
                "credito": 4705.46,
                "saldo_atual": 4705.46
              }
            ]
          },
          {
            "conta": "02.1.2",
            "descricao": "EMPRÉSTIMOS E FINANCIAMENTOS",
            "children": [
              {
                "conta": "02.1.2.01.010",
                "descricao": "Banco Bradesco S/A",
                "saldo_anterior": 26179.29,
                "debito": 0.0,
                "credito": 0.0,
                "saldo_atual": 26179.29
              }
            ]
          },
          {
            "conta": "02.1.3",
            "descricao": "OBRIGAÇÕES TRABALHISTAS",
            "children": [
              {
                "conta": "02.1.3.01.001",
                "descricao": "Salários a pagar",
                "saldo_anterior": 19583.0,
                "debito": 0.0,
                "credito": 6317.54,
                "saldo_atual": 25900.54
              },
              {
                "conta": "02.1.3.04.001",
                "descricao": "INSS a pagar",
                "saldo_anterior": 4795.17,
                "debito": 0.0,
                "credito": 622.98,
                "saldo_atual": 5418.15
              }
            ]
          },
          {
            "conta": "02.1.4",
            "descricao": "OBRIGAÇÕES TRIBUTÁRIAS",
            "children": [
              {
                "conta": "02.1.4.01.001",
                "descricao": "IRRF a Recolher",
                "saldo_anterior": 438.41,
                "debito": 0.0,
                "credito": 54.88,
                "saldo_atual": 493.29
              },
              {
                "conta": "02.1.4.01.002",
                "descricao": "IRRF a Recolher - Pessoa Jurídica",
                "saldo_anterior": 47.51,
                "debito": 0.0,
                "credito": 0.0,
                "saldo_atual": 47.51
              },
              {
                "conta": "02.1.4.01.006",
                "descricao": "INSS Retido a Recolher",
                "saldo_anterior": 294.93,
                "debito": 0.0,
                "credito": 0.0,
                "saldo_atual": 294.93
              },
              {
                "conta": "02.1.4.03.001",
                "descricao": "ICMS a Pagar",
                "saldo_anterior": -98.49,
                "debito": 0.0,
                "credito": 893.1,
                "saldo_atual": 794.61
              },
              {
                "conta": "02.1.4.03.006",
                "descricao": "SIMPLES a Pagar",
                "saldo_anterior": 20147.72,
                "debito": 0.0,
                "credito": 4889.22,
                "saldo_atual": 25036.94
              }
            ]
          }
        ]
      },
      {
        "conta": "02.2",
        "descricao": "PASSIVO NÃO CIRCULANTE",
        "children": [
          {
            "conta": "02.2.1.02.002",
            "descricao": "Bens Remetidos para Teste",
            "saldo_anterior": 11762.87,
            "debito": 0.0,
            "credito": 0.0,
            "saldo_atual": 11762.87
          }
        ]
      },
      {
        "conta": "02.3",
        "descricao": "PATRIMÔNIO LÍQUIDO",
        "children": [
          {
            "conta": "02.3.1.01.002",
            "descricao": "Capital Social Integralizado",
            "saldo_anterior": 6284.83,
            "debito": 0.0,
            "credito": 0.0,
            "saldo_atual": 6284.83
          },
          {
            "conta": "02.3.2.02.001",
            "descricao": "Reserva de Lucros",
            "saldo_anterior": 60471.64,
            "debito": 0.0,
            "credito": 0.0,
            "saldo_atual": 60471.64
          }
        ]
      }
    ]
  },
  "receitas": {
    "conta": "03",
    "descricao": "RECEITAS",
    "children": [
      {
        "conta": "03.1.1.03.002",
        "descricao": "Serviços Prestados a Prazo",
        "saldo_anterior": 261692.24,
        "debito": 0.0,
        "credito": 65856.42,
        "saldo_atual": 327548.66
      },
      {
        "conta": "03.1.2.02.008",
        "descricao": "Simples Nacional sobre vendas e serviços",
        "saldo_anterior": -28457.97,
        "debito": 4353.54,
        "credito": 0.0,
        "saldo_atual": -32811.51
      }
    ]
  },
  "custos_despesas": {
    "conta": "04",
    "descricao": "CUSTOS E DESPESAS",
    "children": [
      {
        "conta": "04.2.1.01.001",
        "descricao": "Salários",
        "saldo_anterior": 27875.06,
        "debito": 8049.04,
        "credito": 0.0,
        "saldo_atual": 35924.11
      },
      {
        "conta": "04.2.1.99.013",
        "descricao": "Depreciações e Amortizações",
        "saldo_anterior": 0.0,
        "debito": 135.39,
        "credito": 0.0,
        "saldo_atual": 135.39
      },
      {
        "conta": "04.2.1.99.015",
        "descricao": "Fretes e Carretos",
        "saldo_anterior": 0.0,
        "debito": 509.04,
        "credito": 0.0,
        "saldo_atual": 509.04
      },
      {
        "conta": "04.2.1.99.020",
        "descricao": "Serviços de Terceiros - Pessoa Jurídica",
        "saldo_anterior": 255477.94,
        "debito": 0.0,
        "credito": 0.0,
        "saldo_atual": 255477.94
      },
      {
        "conta": "04.2.2.02.001",
        "descricao": "Juros",
        "saldo_anterior": 96.69,
        "debito": 0.0,
        "credito": 0.0,
        "saldo_atual": 96.69
      },
      {
        "conta": "04.2.2.02.003",
        "descricao": "Multas",
        "saldo_anterior": 959.94,
        "debito": 0.0,
        "credito": 0.0,
        "saldo_atual": 959.94
      }
    ]
  }
}