{
  "metadata": {
    "razao_social": "INDUSTRIAL NORDESTE LTDA",
    "periodo": "01/09/2024 - 30/09/2024",
    "emissao": "30/09/2024 15:37:46"
  },
  "ativo": {
    "conta": "01",
    "descricao": "ATIVO",
    "children": [
      {
        "conta": "01.1",
        "descricao": "ATIVO CIRCULANTE",
        "children": [
          {
            "conta": "01.1.1",
            "descricao": "DISPONIBILIDADES",
            "children": [
              {
                "conta": "01.1.1.01",
                "descricao": "CAIXA",
                "children": [
                  {
                    "conta": "01.1.1.01.001",
                    "descricao": "Caixa",
                    "saldo_anterior": 45784.63,
                    "debito": 86318.94,
                    "credito": 14781.33,
                    "saldo_atual": 117322.23
                  }
                ]
              }
            ]
          },
          {
            "conta": "01.1.2",
            "descricao": "DIREITOS REALIZÁVEIS A CURTO PRAZO",
            "children": [
              {
                "conta": "01.1.2.01",
                "descricao": "CLIENTES NACIONAIS",
                "children": [
                  {
                    "conta": "01.1.2.01.001",
                    "descricao": "Clientes nacionais",
                    "saldo_anterior": 53873.58,
                    "debito": 0.0,
                    "credito": 0.0,
                    "saldo_atual": 53873.58
                  }
                ]
              },
              {
                "conta": "01.1.2.08",
                "descricao": "TRIBUTOS E CONTRIBUIÇÕES A COMPENSAR",
                "children": [
                  {
                    "conta": "01.1.2.08.001",
                    "descricao": "ICMS a Recuperar",
                    "saldo_anterior": 0.0,
                    "debito": 1073.35,
                    "credito": 0.0,
                    "saldo_atual": 1073.35
                  }
                ]
              },
              {
                "conta": "01.1.2.10",
                "descricao": "ESTOQUES",
                "children": [
                  {
                    "conta": "01.1.2.10.001",
                    "descricao": "Estoque de Mercadoria Para Revenda",
                    "saldo_anterior": 0.0,
                    "debito": 17713.16,
                    "credito": 0.0,
                    "saldo_atual": 17713.16
                  }
                ]
              },
              {
                "conta": "01.1.2.12",
                "descricao": "REMESSA DE PRODUTOS/MERCADORIAS",
                "children": [
                  {
                    "conta": "01.1.2.12.001",
                    "descricao": "Remessa de Produtos/Mercadorias",
                    "saldo_anterior": 20015.74,
                    "debito": 0.0,
                    "credito": 0.0,
                    "saldo_atual": 20015.74
                  }
                ]
              }
            ]
          }
        ]
      },
      {
        "conta": "01.2",
        "descricao": "ATIVO NÃO CIRCULANTE",
        "children": [
          {
            "conta": "01.2.3",
            "descricao": "IMOBILIZADO",
            "children": [
              {
                "conta": "01.2.3.01",
                "descricao": "BENS E DIREITOS EM USO",
                "children": [
                  {
                    "conta": "01.2.3.01.001",
                    "descricao": "Máquinas e Equipamentos",
                    "saldo_anterior": 0.0,
                    "debito": 27062.43,
                    "credito": 0.0,
                    "saldo_atual": 27062.43
                  }
                ]
              },
              {
                "conta": "01.2.3.05",
                "descricao": "(-) DEPRECIAÇÃO ACUMULADA",
                "children": [
                  {
                    "conta": "01.2.3.05.001",
                    "descricao": "(-) Máquinas e equipamentos",
                    "saldo_anterior": 0.0,
                    "debito": 0.0,
                    "credito": 272.39,
                    "saldo_atual": -272.39
                  }
                ]
              }
            ]
          }
        ]
      }
    ]
  },
  "passivo": {
    "conta": "02",
    "descricao": "PASSIVO",
    "children": [
      {
        "conta": "02.1",
        "descricao": "PASSIVO CIRCULANTE",
        "children": [
          {
            "conta": "02.1.1",
            "descricao": "FORNECEDORES",
            "children": [
              {
                "conta": "02.1.1.01.000007895",
                "descricao": "REZENDE CENTRO COMERCIAL AUTOMOTIVO LTDA",
                "saldo_anterior": 3362.55,
                "debito": 0.0,
                "credito": 0.0,
                "saldo_atual": 3362.55
              },
              {
                "conta": "02.1.1.01.001803522",
                "descricao": "VPMB MARCAS E PATENTES LTDA",
                "saldo_anterior": 3752.58,
                "debito": 0.0,
                "credito": 0.0,
                "saldo_atual": 3752.58
              },
              {
                "conta": "02.1.1.01.001804167",
                "descricao": "Comercial Artmaq Ltda EPP",
                "saldo_anterior": 3719.72,
                "debito": 0.0,
                "credito": 0.0,
                "saldo_atual": 3719.72
              },
              {
                "conta": "02.1.1.01.001837450",
                "descricao": "FRIGELAR COMERCIO E INDUSTRIA LTDA",
                "saldo_anterior": 0.0,
                "debito": 0.0,
                "credito": 12487.53,
                "saldo_atual": 12487.53
              },
              {
                "conta": "02.1.1.01.001837451",
                "descricao": "FRIGELAR COMERCIO E INDUSTRIA LTDA (dup.)",
                "saldo_anterior": 0.0,
                "debito": 0.0,
                "credito": 6999.55,
                "saldo_atual": 6999.55
              }
            ]
          },
          {
            "conta": "02.1.2",
            "descricao": "EMPRÉSTIMOS E FINANCIAMENTOS",
            "children": [
              {
                "conta": "02.1.2.01.010",
                "descricao": "Banco Bradesco S/A",
                "saldo_anterior": 38942.62,
                "debito": 0.0,
                "credito": 0.0,
                "saldo_atual": 38942.62
              }
            ]
          },
          {
            "conta": "02.1.3",
            "descricao": "OBRIGAÇÕES TRABALHISTAS",
            "children": [
              {
                "conta": "02.1.3.01.001",
                "descricao": "Salários a pagar",
                "saldo_anterior": 29130.42,
                "debito": 0.0,
                "credito": 9397.56,
                "saldo_atual": 38527.98
              },
              {
                "conta": "02.1.3.04.001",
                "descricao": "INSS a pagar",
                "saldo_anterior": 7132.99,
                "debito": 0.0,
                "credito": 926.71,
                "saldo_atual": 8059.7
              }
            ]
          },
          {
            "conta": "02.1.4",
            "descricao": "OBRIGAÇÕES TRIBUTÁRIAS",
            "children": [
              {
                "conta": "02.1.4.01.001",
                "descricao": "IRRF a Recolher",
                "saldo_anterior": 652.15,
                "debito": 0.0,
                "credito": 81.63,
                "saldo_atual": 733.78
              },
              {
                "conta": "02.1.4.01.002",
                "descricao": "IRRF a Recolher - Pessoa Jurídica",
                "saldo_anterior": 70.67,
                "debito": 0.0,
                "credito": 0.0,
                "saldo_atual": 70.67
              },
              {
                "conta": "02.1.4.01.006",
                "descricao": "INSS Retido a Recolher",
                "saldo_anterior": 438.72,
                "debito": 0.0,
                "credito": 0.0,
                "saldo_atual": 438.72
              },
              {
                "conta": "02.1.4.03.001",
                "descricao": "ICMS a Pagar",
                "saldo_anterior": -146.51,
                "debito": 0.0,
                "credito": 1328.52,
                "saldo_atual": 1182.01
              },
              {
                "conta": "02.1.4.03.006",
                "descricao": "SIMPLES a Pagar",
                "saldo_anterior": 29970.45,
                "debito": 0.0,
                "credito": 7272.89,
                "saldo_atual": 37243.33
              }
            ]
          }
        ]
      },
      {
        "conta": "02.2",
        "descricao": "PASSIVO NÃO CIRCULANTE",
        "children": [
          {
            "conta": "02.2.1.02.002",
            "descricao": "Bens Remetidos para Teste",
            "saldo_anterior": 17497.69,
            "debito": 0.0,
            "credito": 0.0,
            "saldo_atual": 17497.69
          }
        ]
      },
      {
        "conta": "02.3",
        "descricao": "PATRIMÔNIO LÍQUIDO",
        "children": [
          {
            "conta": "02.3.1.01.002",
            "descricao": "Capital Social Integralizado",
            "saldo_anterior": 9348.9,
            "debito": 0.0,
            "credito": 0.0,
            "saldo_atual": 9348.9
          },
          {
            "conta": "02.3.2.02.001",
            "descricao": "Reserva de Lucros",
            "saldo_anterior": 89953.72,
            "debito": 0.0,
            "credito": 0.0,
            "saldo_atual": 89953.72
          }
        ]
      }
    ]
  },
  "receitas": {
    "conta": "03",
    "descricao": "RECEITAS",
    "children": [
      {
        "conta": "03.1.1.03.002",
        "descricao": "Serviços Prestados a Prazo",
        "saldo_anterior": 389276.53,
        "debito": 0.0,
        "credito": 97963.77,
        "saldo_atual": 487240.3
      },
      {
        "conta": "03.1.2.02.008",
        "descricao": "Simples Nacional sobre vendas e serviços",
        "saldo_anterior": -42332.24,
        "debito": 6476.04,
        "credito": 0.0,
        "saldo_atual": -48808.28
      }
    ]
  },
  "custos_despesas": {
    "conta": "04",
    "descricao": "CUSTOS E DESPESAS",
    "children": [
      {
        "conta": "04.2.1.01.001",
        "descricao": "Salários",
        "saldo_anterior": 41465.15,
        "debito": 11973.24,
        "credito": 0.0,
        "saldo_atual": 53438.39
      },
      {
        "conta": "04.2.1.99.013",
        "descricao": "Depreciações e Amortizações",
        "saldo_anterior": 0.0,
        "debito": 201.4,
        "credito": 0.0,
        "saldo_atual": 201.4
      },
      {
        "conta": "04.2.1.99.015",
        "descricao": "Fretes e Carretos",
        "saldo_anterior": 0.0,
        "debito": 757.21,
        "credito": 0.0,
        "saldo_atual": 757.21
      },
      {
        "conta": "04.2.1.99.020",
        "descricao": "Serviços de Terceiros - Pessoa Jurídica",
        "saldo_anterior": 380032.54,
        "debito": 0.0,
        "credito": 0.0,
        "saldo_atual": 380032.54
      },
      {
        "conta": "04.2.2.02.001",
        "descricao": "Juros",
        "saldo_anterior": 143.82,
        "debito": 0.0,
        "credito": 0.0,
        "saldo_atual": 143.82
      },
      {
        "conta": "04.2.2.02.003",
        "descricao": "Multas",
        "saldo_anterior": 1427.95,
        "debito": 0.0,
        "credito": 0.0,
        "saldo_atual": 1427.95
      }
    ]
  }
}